399929348225916928;b'chuckynoris14';@;Mon 2013-11-11 15:59:21;@;b'dne\xc5\xa1ek u\xc5\xbe fakt nem\xc5\xaf\xc5\xbee b\xc3\xbdt lep\xc5\xa1\xc3\xad. #irony';@;b'Twitter Web Client';@;None;@;None;@;b'sk';@;0;@;0
400134257999216640;b'Sandy_Pce';@;Tue 2013-11-12 05:33:35;@;b'\xe2\x80\x9c@ceskenoviny_cz: Po\xc4\x8det sebevra\xc5\xbed v americk\xc3\xa9 arm\xc3\xa1d\xc4\x9b kles\xc3\xa1, nev\xc3\xad se pro\xc4\x8d #armada http://t.co/DoQY39Qs7C\xe2\x80\x9d\nJeden by \xc5\x99ekl \xc5\xbee to je dobre :))';@;b'Twitter for iPhone';@;None;@;None;@;b'sk';@;0;@;0
408987512342736896;b'pannyzkj';@;Fri 2013-12-06 15:53:16;@;b'Za ka\xc5\xbedou cenu m\xc3\xa1 v\xc5\xbedy pravdu d\xc3\xadvka, to by jste ho\xc5\xa1i m\xc4\x9bli v\xc4\x9bd\xc4\x9bt! #ironie #women #reallife';@;b'Twitter Web Client';@;None;@;None;@;b'sk';@;0;@;0
400114561548038144;b'DinnyDee_';@;Tue 2013-11-12 04:15:19;@;b'Naivita je kr\xc3\xa1sn\xc3\xa1 vlastnost.';@;b'Twitter for Windows Phone';@;None;@;None;@;b'sk';@;0;@;0
400140196496572416;b'Premek_';@;Tue 2013-11-12 05:57:11;@;b'Opravdu se mi chce na t\xc4\x9bch dev\xc4\x9bt hodin a asi t\xc5\x99i testy do t\xc3\xbd zasran\xc3\xbd \xc5\xa1koly.';@;b'Twitter for Android';@;None;@;None;@;b'sk';@;0;@;0
400151192090984448;b'TeresaRocel';@;Tue 2013-11-12 06:40:53;@;b'v\xc4\x9bt\xc5\xa1\xc3\xad zima by t\xc5\x99eba mohla bejt';@;b'Twitter for iPhone';@;None;@;None;@;b'sk';@;3;@;0
400158520030810112;b'NikoolZal';@;Tue 2013-11-12 07:10:00;@;b'@jaroslavslavik asi chod\xc3\xad\xc5\xa1 do dobr\xc3\xa9ho fitka, proto\xc5\xbee u n\xc3\xa1s p\xc5\x99id\xc3\xa1vaj\xc3\xad kila na v\xc3\xadc....';@;b'Twitter for Android';@;None;@;None;@;b'sk';@;0;@;0
400162732671913984;b'kudlacekjan';@;Tue 2013-11-12 07:26:44;@;b'@historje Ri\xc5\xa1av\xc3\xa1, \xc5\x88ykoly zeln\xc3\xa1 planeta';@;b'Twitter Web Client';@;None;@;None;@;b'sk';@;4;@;0
400165739903987712;b'alesroubicek';@;Tue 2013-11-12 07:38:41;@;b'"T\xc3\xa9m\xc4\x9b\xc5\x99 nikdo nechce kvalitn\xc3\xad SW." #develstory';@;b'Twitter Web Client';@;None;@;None;@;b'sk';@;1;@;0
405399227117092864;b'Toopfreak';@;Tue 2013-11-26 18:14:42;@;b"Ani nev\xc3\xad\xc5\xa1 jakou mi to tvoje debiln\xc3\xad 'ahoj*' ud\xc4\x9bl\xc3\xa1 radost #happyforawhile";@;b'Twitter for iPhone';@;{'coordinates': [14.32041354, 50.05219286], 'type': 'Point'};@;{'coordinates': [50.05219286, 14.32041354], 'type': 'Point'};@;b'sk';@;1;@;0
406160083203403777;b'MartinRoman9';@;Thu 2013-11-28 20:38:04;@;b'V\xc5\xbedycky kdy\xc5\xbe vid\xc3\xadm reklamu Tullamor Dew tak si \xc5\x99\xc3\xadk\xc3\xa1m, zda si kreativci uv\xc4\x9bdomili, \xc5\xbee ta reklama \xc5\x99\xc3\xadk\xc3\xa1: Kdy\xc5\xbe v\xc3\xa1\xc5\xa1 zab\xc3\xa1snou, jste velk\xc3\xbd hrdinov\xc3\xa9';@;b'Twitter for Android';@;None;@;None;@;b'sk';@;0;@;0
407902880859844608;b'_JakubJanda';@;Tue 2013-12-03 16:03:19;@;b'Tak kdy\xc5\xbe se nehodnou, tak by policejn\xc3\xad prezidentku mohla vz\xc3\xadt Jana Bobo\xc5\xa1\xc3\xadkov\xc3\xa1, ne?  Mysl\xc3\xadm, \xc5\xbee z pohledu \xc5\xbeensk\xc3\xbd emancipace dobr\xc3\xbd.';@;b'Twitter Web Client';@;None;@;None;@;b'sk';@;0;@;0
400139030786220032;b'Svooby';@;Tue 2013-11-12 05:52:33;@;b'D\xc3\xa1t si r\xc3\xa1no dv\xc4\x9b Activie s t\xc3\xadm jejich Bifidus acti posr\xc3\xa1lis a j\xc3\xadt do \xc5\xa1koly nebyl zas tak dobrej n\xc3\xa1pad.. :-P';@;b'Twitter for Android';@;None;@;None;@;b'sk';@;0;@;0
400154061481443328;b'janmolacek';@;Tue 2013-11-12 06:52:17;@;b'Chci si vygooglovat novinky v kl\xc3\xad\xc4\x8dov\xc3\xa9 kauze posledn\xc3\xadch dn\xc5\xaf, ale kdy\xc5\xbe d\xc3\xa1m "Poran\xc4\x9bn\xc3\xbd koleno", tak se mi tam pletou n\xc4\x9bjac\xc3\xad Siouxov\xc3\xa9.';@;b'Twitter for iPhone';@;None;@;None;@;b'sk';@;3;@;0
400167632931782656;b'Sustak';@;Tue 2013-11-12 07:46:13;@;b'Kone\xc4\x8dn\xc4\x9b ch\xc3\xa1pu, jak\xc3\xa9 to je \xc5\xbe\xc3\xadt v zemi, jako je Venezuela \xc4\x8di Kuba. Tak n\xc4\x9bjak tu\xc5\xa1\xc3\xadte, \xc5\xbee v\xc3\xa1\xc5\xa1 prezident \xc5\xbeije, o jeho stavu v\xc5\xa1ak nev\xc3\xadte nic.';@;b'Twitter Web Client';@;None;@;None;@;b'sk';@;0;@;0
400169655610126336;b'matesola';@;Tue 2013-11-12 07:54:15;@;b'Na Filip\xc3\xadn\xc3\xa1ch doch\xc3\xa1z\xc3\xad krabov\xc3\xa1n\xc3\xad! Po\xc5\xa1lete dal\xc5\xa1\xc3\xad kor\xc3\xbd\xc5\xa1e!';@;b'Twitterrific';@;None;@;None;@;b'sk';@;18;@;5
405221917650874368;b'auv_ajs';@;Tue 2013-11-26 06:30:08;@;b'm\xc3\xa1m tomu \xc5\x99ezn\xc3\xadkovi rovnou \xc5\x99\xc3\xadct, \xc5\xbee ty jitrnice bez \xc4\x8desneku nebudou dobr\xc3\xbd, nebo bych to m\xc4\x9bl uv\xc3\xadst jako \xc5\xa1pejler alert?';@;b'Twitter for Android';@;None;@;None;@;b'sk';@;4;@;0
406963877956431872;b'honzakabes';@;Sun 2013-12-01 01:52:04;@;b'@domainsworld  pro jistotu bych do serverovny prikoupil jednu pec...jeden nikdy nevi :D';@;b'Twitter Web Client';@;None;@;None;@;b'sk';@;0;@;0
407837419648458752;b'telferova';@;Tue 2013-12-03 11:43:12;@;b'Krom\xc4\x9b\xc5\x99\xc3\xad\xc5\xbesk\xc3\xa1 z\xc3\xa1chytka zlev\xc5\x88uje: m\xc3\xadsto dosavadn\xc3\xadch 8000 si za noc v tomto hotelu, ze kter\xc3\xa9ho si nic nebudete pamatovat, zaplat\xc3\xadte jenom 700 K\xc4\x8d';@;b'Twitter Web Client';@;None;@;None;@;b'sk';@;0;@;1
409035767596711936;b'OzzyCzech';@;Fri 2013-12-06 19:05:01;@;b'Nen\xc3\xad "dvoulet\xc3\xa9 intenzivn\xc3\xad vy\xc5\xa1et\xc5\x99ov\xc3\xa1n\xc3\xad" oxym\xc3\xb3ron?';@;b'Twitter for iPhone';@;None;@;None;@;b'sk';@;1;@;0
401653599450980352;b'AdyHakova';@;Sat 2013-11-16 10:10:55;@;b'Mo\xc5\xben\xc3\xa1 ten 13ti hodinovej sp\xc3\xa1nek nebyl nejlep\xc5\xa1\xc3\xad n\xc3\xa1pad. Cht\xc4\x9bla jsem se vyspat a r\xc3\xa1no bejt kr\xc3\xa1sn\xc3\xa1 a ne vypadat jako p\xc5\x99ejet\xc3\xa1 parn\xc3\xadm v\xc3\xa1lcem.';@;b'Twitter for iPhone';@;None;@;None;@;b'sk';@;2;@;0
405963333742120960;b'misver';@;Thu 2013-11-28 07:36:15;@;b'"Debatovat o n\xc4\x9b\xc4\x8dem, co se stejn\xc4\x9b mus\xc3\xad schv\xc3\xa1lit mu p\xc5\x99ipad\xc3\xa1 zbyte\xc4\x8dn\xc3\xa9." http://t.co/9tkF1sXA2Y Nebyl v t\xc3\xa9 KS\xc4\x8c nadarmo.';@;b'Twitter for Windows Phone';@;None;@;None;@;b'sk';@;0;@;0
408940339278647297;b'ondrejfer';@;Fri 2013-12-06 12:45:49;@;b'Zeman s Myn\xc3\xa1\xc5\x99em vypadaj\xc3\xad a chovaj\xc3\xad se jako kn\xc3\xad\xc5\xbee Ignor a v\xc4\x9brn\xc3\xbd Stoupa.';@;b'Hootsuite';@;None;@;None;@;b'sk';@;0;@;0
400312854647414784;b'martinkubelka';@;Tue 2013-11-12 17:23:16;@;b'Jak tak pro\xc4\x8d\xc3\xadt\xc3\xa1m #blogerkaroku , tak si rikam, \xc5\xbee to je zaj\xc3\xadmavej soubor chovanek :-D (P\xc5\x99edem se omlouv\xc3\xa1m p\xc3\xa1r v\xc3\xbdjimk\xc3\xa1m)';@;b'Twitter for Android';@;None;@;None;@;b'sk';@;1;@;0
400352575272550400;b'katareena';@;Tue 2013-11-12 20:01:06;@;b'V\xc5\xbedycky m\xc4\x9b pobav\xc3\xad, kdy\xc5\xbe n\xc3\xa1m ve \xc5\xa1kole doporu\xc4\x8d\xc3\xad vyhledat si dal\xc5\xa1\xc3\xad info na Seznamu. Evidentn\xc4\x9b maj\xc3\xad pocit, \xc5\xbee m\xc3\xa1me \xc4\x8dasu nazbyt.';@;b'Twitter for Android';@;None;@;None;@;b'sk';@;4;@;0
401334083051323392;b'PavelDrimalka';@;Fri 2013-11-15 13:01:16;@;b'Jedu nacpanou 2 \xc4\x8casuDost a kouk\xc3\xa1m o co v\xc5\xa1echno p\xc5\x99ich\xc3\xa1z\xc3\xadm - kdy\xc5\xbe jezd\xc3\xadm prvn\xc3\xad t\xc5\x99\xc3\xaddou.';@;b'Twitter for iPhone';@;{'coordinates': [16.91022709, 49.83382095], 'type': 'Point'};@;{'coordinates': [49.83382095, 16.91022709], 'type': 'Point'};@;b'sk';@;0;@;0
401792725475143680;b'ridercz';@;Sat 2013-11-16 19:23:45;@;b'Kdybych si chtel koupit v Amsterdamu na letisti sanon, no problem. Ale zvejkacky nemaji nikde...';@;b'Windows Phone';@;None;@;None;@;b'sk';@;1;@;0
402472990505312256;b'PatrikVacek86';@;Mon 2013-11-18 16:26:53;@;b'Tak a te\xc4\x8f by mohl Pavel Vrba podepsat se slovenskou reprezentaci, kdy\xc5\xbe ho ned\xc3\xa1vno tak moc cht\xc4\x9bli. #vrba';@;b'Twitter Web Client';@;None;@;None;@;b'sk';@;2;@;0
403074954368782336;b'eb42';@;Wed 2013-11-20 08:18:52;@;b'"Lidi se nemaj\xc3\xad zab\xc3\xadjet, i kdy\xc5\xbe jsou to spolustran\xc3\xadci." Bravo Jand\xc3\xa1k, dal\xc5\xa1\xc3\xad d\xc5\xafkaz, \xc5\xbee Ne\xc5\xa1por m\xc3\xa1 pravdu, nebo to mysl\xc3\xad v\xc3\xa1\xc5\xben\xc4\x9b?';@;b'Twitter Web Client';@;None;@;None;@;b'sk';@;1;@;0
403460857985638401;b'katchaba';@;Thu 2013-11-21 09:52:19;@;b'Domovn\xc3\xad n\xc3\xa1st\xc4\x9bnka \xc5\x99\xc3\xadk\xc3\xa1, \xc5\xbee kv\xc5\xafli oprav\xc4\x9b potrub\xc3\xad pote\xc4\x8de a\xc5\xbe do 5.12. voda jen v noci a m\xc3\xa1me si d\xc4\x9blat z\xc3\xa1soby.\nA\xc5\xa5 \xc5\xbeije no\xc4\x8dn\xc3\xad pran\xc3\xad, \xc5\xbee.';@;b'TweetDeck';@;None;@;None;@;b'sk';@;1;@;0
404250562465890304;b'DarkJober';@;Sat 2013-11-23 14:10:19;@;b'@janbohm @pavliscak c\xc3\xadlovka byli nezletil\xc3\xad... P\xc5\x99edstavuji si tu kampa\xc5\x88 - "Nenu\xc4\x8f se za \xc5\xa1kolou, dej si vodku a zahraj si fla\xc5\xa1ku"';@;b'TweetDeck';@;None;@;None;@;b'sk';@;1;@;0
404283551472168960;b'Johana_Lang';@;Sat 2013-11-23 16:21:24;@;b'Nejlepsi na ziti v Bubenci/Letny jsou pravdepodobne ty chvile, kdy se na Sparte hraje ... Zacpy, rvacky, odpadky, agresivni lidi.';@;b'Twitter for BlackBerry\xc2\xae';@;None;@;None;@;b'sk';@;0;@;0
406006729403805696;b'MatejKlima';@;Thu 2013-11-28 10:28:42;@;b'@petrschonfeld Takov\xc3\xbd tradi\xc4\x8dn\xc4\x9b \xc4\x8desk\xc3\xbd p\xc5\x99\xc3\xadstup, \xc5\xbee?';@;b'Twitter for iPhone';@;None;@;None;@;b'sk';@;2;@;0
406042618410176512;b'ekonom_cz';@;Thu 2013-11-28 12:51:18;@;b'Kdo je tady Voldemort? \xc4\x8cesk\xc3\xbd mana\xc5\xbeer, kter\xc3\xbd ud\xc4\x9blal velk\xc3\xa9 v\xc4\x9bci http://t.co/RtdQEmrWoU';@;b'Twitter Web Client';@;None;@;None;@;b'sk';@;0;@;0
406424570921381888;b'SFilipek';@;Fri 2013-11-29 14:09:03;@;b'Na olympijsk\xc3\xa9 pochodni je vid\xc4\x9bt, \xc5\xbee Rusov\xc3\xa9 jsou pro So\xc4\x8di prost\xc4\x9b zap\xc3\xa1len\xc3\xad...';@;b'Twitter Web Client';@;None;@;None;@;b'sk';@;0;@;1
406740271250952192;b'Hemmmmy';@;Sat 2013-11-30 11:03:32;@;b'Dobrou chu\xc5\xa5, pokud pr\xc3\xa1v\xc4\x9b ob\xc4\x9bdv\xc3\xa1te. Prvn\xc3\xad "Volejte \xc5\xbdelezn\xc3\xa9mu". D\xc3\xadv\xc3\xa1te se na stoprocentn\xc4\x9b nejsledovan\xc4\x9bj\xc5\xa1\xc3\xad pecku TV Barrandov...';@;b'Twitter Web Client';@;None;@;None;@;b'sk';@;3;@;1
408336140576366593;b'lukassanek';@;Wed 2013-12-04 20:44:57;@;b'@OndrejKofron vzd\xc4\x9blan\xc3\xbd Br\xc5\x88an. :)';@;b'Twitter Web Client';@;None;@;None;@;b'sk';@;0;@;0
408580843742187520;b'loveit9511';@;Thu 2013-12-05 12:57:18;@;b'Sehnat v Praze levn\xc4\x9b libry. To chci opravdu moc.';@;b'Twitter for iPhone';@;None;@;None;@;b'sk';@;0;@;0
409442751252426752;b'm_joachymstal';@;Sat 2013-12-07 22:02:13;@;b'Prost\xc4\x9b bych se navenek tv\xc3\xa1\xc5\x99il, \xc5\xbee to nebyl czech prime minister,ale Chechnya prime minister. \xc4\x8ce\xc4\x8dna n\xc3\xa1m to mezin\xc3\xa1rodn\xc4\x9b dlu\xc5\xbe\xc3\xad za Boston.#irony';@;b'Twitter Web Client';@;None;@;None;@;b'sk';@;0;@;0
402360927523074049;b'michal_zak';@;Mon 2013-11-18 09:01:35;@;b'Letm\xc3\xbd pohled do schr\xc3\xa1nky uk\xc3\xa1zal, \xc5\xbee @Alzacz p\xc5\x99ed V\xc3\xa1noci spustila akci "100 e-mail\xc5\xaf t\xc3\xbddn\xc4\x9b". D\xc3\xadky, aspo\xc5\x88 m\xc4\x9b to p\xc5\x99im\xc4\x9blo k jejich odhl\xc3\xa1\xc5\xa1en\xc3\xad.';@;b'Twitter Web Client';@;None;@;None;@;b'sk';@;1;@;0
402898018862899200;b'DerDesigner';@;Tue 2013-11-19 20:35:47;@;b'\xe2\x80\x9c@stary_mrzout: V\xc5\xbedycky, kdy\xc5\xbe vid\xc3\xadm v TV tu spou\xc5\xa1\xc5\xa5 po torn\xc3\xa1dech, div\xc3\xadm se, \xc4\x8demu v\xc5\xa1emu jsou v Americe schopni \xc5\x99\xc3\xadkat "d\xc5\xafm".\xe2\x80\x9d';@;b'Twitter for Mac';@;None;@;None;@;b'sk';@;0;@;0
403261770065666048;b'LukyACS';@;Wed 2013-11-20 20:41:12;@;b'Tak\xc5\xbee na ja\xc5\x99e do Blanky leda na kole...';@;b'Twitter Web Client';@;None;@;None;@;b'sk';@;0;@;0
404922634632454144;b'Zeduaz';@;Mon 2013-11-25 10:40:53;@;b'Pokud chcete na Nexusech rychleji ud\xc4\x9blat sekvenci mnoha sn\xc3\xadmk\xc5\xaf, tak je lep\xc5\xa1\xc3\xad za\xc4\x8d\xc3\xadt nahr\xc3\xa1vat video a nafotit je v n\xc4\x9bm...';@;b'Twitter for Android';@;None;@;None;@;b'sk';@;0;@;0
406186388615225344;b'SFilipek';@;Thu 2013-11-28 22:22:36;@;b'S takovou mu\xc5\xa1kou by Rambo skon\xc4\x8dil ve druh\xc3\xa9m d\xc3\xadle...';@;b'Twitter Web Client';@;None;@;None;@;b'sk';@;1;@;1
407426955240566784;b'gizmax';@;Mon 2013-12-02 08:32:10;@;b'V\xc4\x9bta "Drah\xc3\xa1 Blanko, v\xc5\xa1echno nejlep\xc5\xa1\xc3\xad.", dost\xc3\xa1v\xc3\xa1 \xc3\xbapln\xc4\x9b nov\xc3\xbd smysl. :)';@;b'Twitter for Mac';@;None;@;None;@;b'sk';@;1;@;0
402435123171192832;b'van_der_Raven';@;Mon 2013-11-18 13:56:24;@;b'Pravidla po\xc5\xa1t\xc3\xa1rny - iluzionistick\xc3\xbd film, ve kter\xc3\xa9m v\xc4\x9bci mizej\xc3\xad, aby je lid\xc3\xa9 n\xc3\xa1sledn\xc4\x9b na\xc5\xa1li na tom nejm\xc3\xa9n\xc4\x9b pravd\xc4\x9bpodobn\xc3\xa9m m\xc3\xadst\xc4\x9b. #firm';@;b'Twitter for Android';@;None;@;None;@;b'sk';@;1;@;0
403088631964774401;b'jiznisvah';@;Wed 2013-11-20 09:13:13;@;b'Boh\xc3\xa9mka dem\xc3\xad\xc4\x8dko bude s bl\xc3\xad\xc5\xbe\xc3\xadc\xc3\xadm se koncem v\xc5\xa1ude, j\xc3\xa1 se dnes pod\xc3\xadval na dv\xc4\x9b "presti\xc5\xben\xc3\xad" v\xc3\xadna stejn\xc3\xa9ho producenta :-) http://t.co/LDbyqSiE7j';@;b'Twitter Web Client';@;None;@;None;@;b'sk';@;1;@;0
405407481197002753;b'martindestroyer';@;Tue 2013-11-26 18:47:30;@;b'K volb\xc3\xa1m \xc5\xbeupan\xc5\xaf na Slovensku jen jedno: Vy Slov\xc3\xa1ci mus\xc3\xadte m\xc3\xadt prost\xc4\x9b v\xc5\xa1echno lep\xc5\xa1\xc3\xad, \xc5\xbeejo?';@;b'IFTTT';@;None;@;None;@;b'sk';@;0;@;0
405464567213355008;b'EniKorinkova';@;Tue 2013-11-26 22:34:20;@;b'Koupit si 75 minutovou j\xc3\xadzdenku v Brne, kdyz nejdel\xc5\xa1\xc3\xad trasa ma 30 minut = koupit si 45 minut luxusu nav\xc3\xadc! #brno #smsjizdenka #NaBrnoDobry';@;b'Twitter for iPad';@;None;@;None;@;b'sk';@;0;@;0
405662859583291392;b'MikulasStraka';@;Wed 2013-11-27 11:42:17;@;b'Seri\xc3\xa1l Ulice se u\xc5\xbe dostal do f\xc3\xa1ze, kdy m\xc3\xa1 v\xc3\xadc d\xc3\xadl\xc5\xaf ne\xc5\xbe po\xc4\x8det zhl\xc3\xa9dnut\xc3\xad..';@;b'Twitter for Android';@;None;@;None;@;b'sk';@;0;@;0
406357861090869248;b'kom1n';@;Fri 2013-11-29 09:43:58;@;b'Lumia 2520 cena: 13200,- ale pozor, v balen\xc3\xad nen\xc3\xad kl\xc3\xa1vesnice, se kterou se tak vytahuj\xc3\xad, tu mus\xc3\xadte dokoupit za 5000,-. Dal\xc5\xa1\xc3\xad mrtvola.. #lol';@;b'Twitter Web Client';@;None;@;None;@;b'sk';@;6;@;4
404013757682429952;b'mmostecky';@;Fri 2013-11-22 22:29:20;@;b'@VyVoleni2013 bude co slavit, a\xc5\xbe zas kone\xc4\x8dn\xc4\x9b upadne v zapomn\xc4\x9bni ^^';@;b'Twitter for iPhone';@;None;@;None;@;b'sk';@;0;@;0
400393029506191360;b'marekfort';@;Tue 2013-11-12 22:41:51;@;b'Necht\xc4\x9bj\xc3\xad rovnou ud\xc4\x9blat na m\xc3\xadst\xc4\x9b b\xc3\xbdval\xc3\xa9ho Stalinova pomn\xc3\xadku velk\xc3\xa9ho Barrosa?';@;b'Twitter Web Client';@;None;@;None;@;b'sk';@;0;@;0
400585427977244672;b'VladislavKluska';@;Wed 2013-11-13 11:26:23;@;b'To teda brzo: moje #XperiaZ1 p\xc5\xafjde na reklamaci. Druh\xc3\xa1 strana m\xc4\x9b p\xc5\x99i hovoru skoro nesly\xc5\xa1\xc3\xad - v\xc5\xa1e prask\xc3\xa1, vypad\xc3\xa1v\xc3\xa1. Bravo @SonyXperiaCZ!';@;b'Twitter for Android';@;None;@;None;@;b'sk';@;0;@;0
400639535278985216;b'_anart_';@;Wed 2013-11-13 15:01:23;@;b'Ot\xc3\xa1zka pro cyklisty: \nKdy\xc5\xbe jedete v 7:30 r\xc3\xa1no (u\xc5\xbe je sv\xc4\x9btlo) v tmav\xc3\xa9m oble\xc4\x8den\xc3\xad bez blik\xc3\xa1tek mezi sv\xc3\xadt\xc3\xadc\xc3\xadmi auty, mysl\xc3\xadte si, \xc5\xbee jste vid\xc4\x9bt?';@;b'Twitter for Android';@;None;@;None;@;b'sk';@;2;@;0
400754984142503936;b'zemkos';@;Wed 2013-11-13 22:40:08;@;b'@mmister Jo sorry, j\xc3\xa1 zapomn\xc4\x9bl, \xc5\xbee tob\xc4\x9b je to ukraden\xc3\xa9, jsou to jen voli\xc4\x8di, \xc5\xbee...';@;b'Zemkovo';@;None;@;None;@;b'sk';@;0;@;0
400967130721431554;b'bonamedia';@;Thu 2013-11-14 12:43:08;@;b'Pr\xc3\xa1ce n\xc4\x9bkter\xc3\xbdch grafik\xc5\xaf je asi tak dobr\xc3\xa1 jako kdyby kucha\xc5\x99 va\xc5\x99il pol\xc3\xadvku ze s\xc3\xa1\xc4\x8dku a je\xc5\xa1t\xc4\x9b ji zkazil :-(';@;b'Twitter Web Client';@;None;@;None;@;b'sk';@;0;@;1
400970798636077056;b'feainne';@;Thu 2013-11-14 12:57:42;@;b'Kolega mi na vyrovn\xc3\xa1n\xc3\xad se se stressem doporu\xc4\x8dil "fakitol". Mysl\xc3\xadte si, \xc5\xbee to budou m\xc3\xadt v m\xc3\xadstn\xc3\xad l\xc3\xa9k\xc3\xa1rn\xc4\x9b?';@;b'Twitter Web Client';@;None;@;None;@;b'sk';@;11;@;2
401122846967345152;b'michalblaha';@;Thu 2013-11-14 23:01:53;@;b'Zadam vsechny obcany, aby nemluvili osklive o Necasove vousu. Mohl by to povazovat za politicky utok na nej. Dekuji http://t.co/bcG6E3v1gO';@;b'OS X';@;None;@;None;@;b'sk';@;0;@;0
401220298072403969;b'katesulcova';@;Fri 2013-11-15 05:29:08;@;b'Asi je tak unavenej, ze si pujcil obleceni svy segry...';@;b'Twitter for iPhone';@;None;@;None;@;b'sk';@;1;@;0
401765769014308864;b'Mishel_K95';@;Sat 2013-11-16 17:36:38;@;b'Tablety pro d\xc4\x9bti... Za chv\xc3\xadli m\xc5\xaf\xc5\xbeete t\xc5\x99eba za\xc4\x8d\xc3\xadt vyr\xc3\xa1b\xc4\x9bt i tablety pro kojence tvl. -___-';@;b'Twitter Web Client';@;None;@;None;@;b'sk';@;0;@;0
402155075948126210;b'novass_cz';@;Sun 2013-11-17 19:23:36;@;b'borec m\xc4\x9b \xc5\xa1vihne hokejkou do brady a podle report\xc3\xa1\xc5\xbee "do\xc5\xa1lo ke sporn\xc3\xa9mu vylou\xc4\x8den\xc3\xad", zaj\xc3\xadmav\xc3\xbd';@;b'Twitter Web Client';@;None;@;None;@;b'sk';@;1;@;0
402447606380756992;b'PetrN';@;Mon 2013-11-18 14:46:01;@;b'Prvn\xc3\xadch 5 dn\xc3\xad po v\xc3\xadkendu je v\xc5\xbedycky nejt\xc4\x9b\xc5\xbe\xc5\xa1\xc3\xadch. Pak se to srovn\xc3\xa1.';@;b'Twitter for iPhone';@;None;@;None;@;b'sk';@;1;@;0
402712796531408898;b'MichaelRomancov';@;Tue 2013-11-19 08:19:47;@;b'@Nazory_Aktualne To v \xc5\xbe\xc3\xa1dn\xc3\xa9m p\xc5\x99\xc3\xadpad\xc4\x9b, \xc5\xa1koda \xc5\xbee VF taky soudruhy neinformoval, \xc5\xbee jin\xc3\xad soudruzi obvinili \xc4\x8c\xc3\xadnu z imperialismu.';@;b'Twitter for Websites';@;None;@;None;@;b'sk';@;1;@;0
402720088601944064;b'Hypnotic_Bauch';@;Tue 2013-11-19 08:48:45;@;b'Ted budem mit ajinu, to zas budu z\xc3\xa1\xc5\x99it. :)';@;b'Twitter for Android';@;None;@;None;@;b'sk';@;1;@;0
402798650365321216;b'jbasko';@;Tue 2013-11-19 14:00:56;@;b'"@sodomak: J\xc3\xa1 to roz\xc4\x8darov\xc3\xa1n\xc3\xad fanou\xc5\xa1k\xc5\xaf @fcviktorkaplzen ch\xc3\xa1pu. Maj to t\xc4\x9b\xc5\xbek\xc3\xbd, pro v\xc4\x9bt\xc5\xa1inu z nich je to prvn\xc3\xad v\xc3\xbdm\xc4\x9bna tren\xc3\xa9ra v historii:)" :)))';@;b'Twitter for Android';@;None;@;None;@;b'sk';@;0;@;0
403244255931817985;b'JakubKorf';@;Wed 2013-11-20 19:31:37;@;b'#Zavadile... Takovyho experta na zamestnanost ekonomiku  jsme ve Snemovne vskutku potrebovali. To bude vic fun nez projevy soudruha #Remka.';@;b'Twitter for BlackBerry\xc2\xae';@;None;@;None;@;b'sk';@;0;@;0
403668543855951872;b'van_der_Raven';@;Thu 2013-11-21 23:37:35;@;b'@Ofelie Kuba s Hajn\xc3\xbdm jsou serviln\xc3\xad patol\xc3\xadzalov\xc3\xa9, Han\xc4\x8de semetrika, Krakono\xc5\xa1 sebest\xc5\x99edn\xc3\xbd parchant a Trautenberk ob\xc4\x9b\xc5\xa5 spole\xc4\x8dnosti. Klasika.';@;b'Twitter for Android';@;None;@;None;@;b'sk';@;3;@;0
405384450550153216;b'spazef0rze';@;Tue 2013-11-26 17:15:59;@;b'"Ukl\xc3\xa1d\xc3\xa1me heslo v \xc4\x8diteln\xc3\xa9 podob\xc4\x9b (v plaintextu)" je jen jeden z v\xc3\xadce d\xc5\xafvod\xc5\xaf pro omezov\xc3\xa1n\xc3\xad d\xc3\xa9lky hesla, rozhodn\xc4\x9b ne jedin\xc3\xbd.';@;b'Twitter Web Client';@;None;@;None;@;b'sk';@;0;@;1
405822012234280960;b'ridercz';@;Wed 2013-11-27 22:14:42;@;b'@o_schon Ne\xc5\x99\xc3\xadkaj\xc3\xad ti doma blesku? :)';@;b'Twitter Web Client';@;None;@;None;@;b'sk';@;1;@;0
407208448292442113;b'Vl_Czech';@;Sun 2013-12-01 18:03:54;@;b'Tak poj\xc4\x8fte kluci, za\xc4\x8dneme novou spar\xc5\xa5anskou s\xc3\xa9rii, s\xc3\xa9rii proher ..';@;b'Twitter Web Client';@;None;@;None;@;b'sk';@;1;@;1
407920680168984576;b'ominikap';@;Tue 2013-12-03 17:14:03;@;b'Lol mami to je v pohod\xc4\x9b. V\xc5\xaf\xc5\xafbec m\xc4\x9b neztrap\xc5\x88uje\xc5\xa1';@;b'Twitter Web Client';@;None;@;None;@;b'sk';@;0;@;0
408619126618222592;b'katchaba';@;Thu 2013-12-05 15:29:26;@;b'Pochovat, pros\xc3\xadm...\n\nHodn\xc4\x9b hluboko. Aby m\xc4\x9b n\xc3\xa1hodou n\xc4\x9bkdo nevykopal. D\xc3\xadk.';@;b'TweetDeck';@;None;@;None;@;b'sk';@;1;@;0
415484671841951745;b'chuckynoris14';@;Tue 2013-12-24 14:10:39;@;b'Kv\xc5\xafli babi\xc4\x8dce u\xc5\xbe neuvid\xc3\xadm zlat\xc3\xa9 pras\xc3\xa1tko, jeliko\xc5\xbe do m\xc4\x9b nacpala \xc5\x99\xc3\xadzek a sal\xc3\xa1t, d\xc4\x9bkuji velice. #irony';@;b'Twitter Web Client';@;None;@;None;@;b'sk';@;1;@;0
418766727967948800;b'thejoeejoee';@;Thu 2014-01-02 15:32:22;@;b'No to je super, \xc5\xbee jsi p\xc5\x99i\xc5\xa1la! #nevlastnimatka #ironie #radost';@;b'Twitter for Android';@;None;@;None;@;b'sk';@;0;@;0
419955245888729088;b'chuckynoris14';@;Sun 2014-01-05 22:15:07;@;b'\xc3\x9apln\xc4\x9b \xc3\xba\xc5\xbeasn\xc3\xa9 vid\xc4\x9bt na \xc5\xa1koln\xc3\xadch str\xc3\xa1nk\xc3\xa1ch fotky na, kter\xc3\xbdch vypad\xc3\xa1m, jako absolutn\xc3\xad \xc5\xa1our. Jen a\xc5\xa5 to v\xc5\xa1ichni vid\xc3\xad, v\xc5\xbedy\xc5\xa5 jo.. #irony';@;b'Twitter Web Client';@;None;@;None;@;b'sk';@;1;@;0
420093523879530496;b'HelKucharova';@;Mon 2014-01-06 07:24:35;@;b'Vubec bych bez vas nevedela,ze musim do skoly a brzo vstavat. #ironie';@;b'Twitter for Android';@;None;@;None;@;b'sk';@;0;@;0
420177407342288896;b'muficek';@;Mon 2014-01-06 12:57:55;@;b'o2 zv\xc3\xbd\xc5\xa1ilo fup ze 150 mb na 200 mb. #tyblaho #ironie';@;b'Twitter for iPhone';@;None;@;None;@;b'sk';@;1;@;0
420503812903022592;b'pavelkout';@;Tue 2014-01-07 10:34:56;@;b'Co furt m\xc3\xa1te s t\xc3\xadm Hudlerem? V\xc5\xbedy\xc5\xa5 ho necht\xc4\x9bl ani Ken Holland z #RedWings, a ten p\xc5\x99itom d\xc3\xa1 kontrakt i st\xc5\x99evu jako Quincey ;-) #ironie';@;b'Tweetbot for iOS';@;None;@;None;@;b'sk';@;2;@;1
400661625788956672;b'kudlacekjan';@;Wed 2013-11-13 16:29:10;@;b'Hrozne, jak stat ublizuje sympatickemu lekari! Trapit soudem kazdeho podezreleho z rozsahlych mnohamilionovych rozkradacek-kam bychom prisli';@;b'Twitter for Android';@;None;@;None;@;b'sk';@;1;@;0
400949613181804544;b'ominikap';@;Thu 2013-11-14 11:33:31;@;b'Jsi velk\xc3\xa1 holka,kdy\xc5\xbe nakupuje\xc5\xa1 jenom v H&amp;Mku';@;b'Twitter for iPhone';@;None;@;None;@;b'sk';@;0;@;0
401000992432742400;b'Francesko8';@;Thu 2013-11-14 14:57:41;@;b'M\xc3\xa1m r\xc3\xa1d j\xc3\xadzdu vlakem. Zvl\xc3\xa1\xc5\xa1\xc5\xa5 kdy\xc5\xbe nechci poslouchat ciz\xc3\xad rozhovory.';@;b'Twitter for BlackBerry\xc2\xae';@;None;@;None;@;b'sk';@;0;@;0
401304129097564160;b'petrmalecek';@;Fri 2013-11-15 11:02:14;@;b'@Vodafone_pece Dobr\xc3\xbd den, mus\xc3\xadm \xc5\x99\xc3\xadct, \xc5\xbee jste opravdu rychl\xc3\xadc\xc3\xad. Jednoduch\xc3\xbd ukon dopln\xc4\x9bn\xc3\xad I\xc4\x8c a DI\xc4\x8c trval 4 dny a te\xc4\x8f p\xc5\x99ed\xc3\xa1no d\xc3\xa1l a dal\xc5\xa1\xc3\xadch 5.';@;b'Twitter Web Client';@;None;@;None;@;b'sk';@;0;@;0
401310993349095425;b'MartinStrakaty';@;Fri 2013-11-15 11:29:31;@;b'Vybral jsem si nejlepsi cas na cestu z pce ... Nejvic lidii.. Zkurveny patky';@;b'Twitter for iPad';@;None;@;None;@;b'sk';@;0;@;0
402107338091659264;b'topi92';@;Sun 2013-11-17 16:13:54;@;b'@DenikSport Necituj\xc3\xad v\xc5\xa1ak \xc5\xbe\xc3\xa1dn\xc3\xbd zdroj.. v tom p\xc5\x99\xc3\xadpad\xc4\x9b j\xc3\xa1 sly\xc5\xa1el, \xc5\xbee Ronaldo p\xc5\x99ijde.. Ud\xc4\x9bl\xc3\xa1te o tom taky \xc4\x8dl\xc3\xa1nek?';@;b'Twitter for Mac';@;None;@;None;@;b'sk';@;0;@;0
402497329150038016;b'HoVa86';@;Mon 2013-11-18 18:03:35;@;b'To je ale z\xc3\xa1bava. Jestli se nebudeme krotit vypukne tu poh\xc5\x99eb.';@;b'Twitter for iPhone';@;None;@;None;@;b'sk';@;0;@;0
402720181191188480;b'MartinMihulka1';@;Tue 2013-11-19 08:49:08;@;b'Asi budu takovej idiot a a\xc5\xbe budu m\xc3\xadt auto budu ukazovat v\xc5\xa1ude kl\xc3\xad\xc4\x8de #frajer';@;b'Twitter for iPhone';@;{'coordinates': [16.28143578, 50.17260853], 'type': 'Point'};@;{'coordinates': [50.17260853, 16.28143578], 'type': 'Point'};@;b'sk';@;0;@;0
402815012772671491;b'KarelKroupa';@;Tue 2013-11-19 15:05:57;@;b'@kudlacekjan Nejsem rozhodn\xc4\x9b prud\xc3\xa9rn\xc3\xad, ale tohle je mi sympatick\xc3\xa9 jak ten zelen\xc3\xbd hajzl. U\xc5\xbe nenakupuji ani u jednoho. @MironetComp';@;b'Twitter Web Client';@;None;@;None;@;b'sk';@;1;@;0
403247482152308736;b'MatyJanousek';@;Wed 2013-11-20 19:44:26;@;b'Je super sledovat kamar\xc3\xa1da, jak to zkou\xc5\xa1\xc3\xad na jednu sexy hol\xc4\x8di\xc4\x8dku na fb...vi\xc4\x8f MattyBRaps @MatyBernard';@;b'Twitter Web Client';@;None;@;None;@;b'sk';@;0;@;0
403451146154438656;b'MartinLidicky';@;Thu 2013-11-21 09:13:43;@;b'Europoslanci schv\xc3\xa1lili kv\xc3\xb3ty pro \xc5\xbeeny. Je vid\xc4\x9bt, \xc5\xbee pro vy\xc5\x99e\xc5\xa1en\xc3\xad probl\xc3\xa9m\xc5\xaf Evropy d\xc4\x9blaj\xc3\xad maximum.';@;b'Twitter Web Client';@;None;@;None;@;b'sk';@;2;@;4
403489681104322560;b'DrakulkaCZ';@;Thu 2013-11-21 11:46:51;@;b'@JanaMKCiglerova @matkou_v_praze Hele, pr\xc3\xbd zbyde v\xc3\xadc na d\xc3\xa1vky. To je asi p\xc5\x99eklep. Tam m\xc4\x9blo b\xc3\xbdt, \xc5\xbee bude v\xc3\xadc nad\xc3\xa1vek, ne?';@;b'Twitter Web Client';@;None;@;None;@;b'sk';@;2;@;0
403537194372960256;b'janmikula';@;Thu 2013-11-21 14:55:39;@;b'Komunika\xc4\x8dn\xc3\xad strategie @CNB_cz ve stylu "Jestli nesouhlas\xc3\xadte s intervencemi, tak jste \xc3\xbapln\xc4\x9b blb\xc3\xad..." bude m\xc3\xadt nepochybn\xc4\x9b \xc3\xbasp\xc4\x9bch.';@;b'Twitter Web Client';@;None;@;None;@;b'sk';@;1;@;1
404158296820842496;b'JosefTusa';@;Sat 2013-11-23 08:03:41;@;b'"Tak p\xc5\x99irozen\xc3\xa9 jako vy ... 100 odst\xc3\xadn\xc5\xaf lamin\xc3\xa1tov\xc3\xbdch podlah". D\xc4\x9bkuji rann\xc3\xadmu billboardu za p\xc5\x99ipomenut\xc3\xad na\xc5\xa1\xc3\xad m\xc4\x9bstsk\xc3\xa9 p\xc5\x99irozenosti.';@;b'Twitter for Android';@;None;@;None;@;b'sk';@;0;@;0
404700392178466817;b'_Stona';@;Sun 2013-11-24 19:57:47;@;b'U\xc5\xbe se t\xc4\x9b\xc5\xa1\xc3\xadm a\xc5\xbe zas nasn\xc4\x9b\xc5\xbe\xc3\xad a vznikne z toho b\xc5\x99e\xc4\x8dka -_-';@;b'Twitter Web Client';@;None;@;None;@;b'sk';@;0;@;0
404831536811233280;b'dominojirotka';@;Mon 2013-11-25 04:38:54;@;b'S t\xc4\x9bma \xc4\x8dervenejma o\xc4\x8dima vypad\xc3\xa1m jak tot\xc3\xa1ln\xc3\xad vyhul a s t\xc4\x9bma kruhama pod o\xc4\x8dima jak tot\xc3\xa1ln\xc3\xad sma\xc5\xbeka. Ale du jenom do \xc5\xa1koly tak\xc5\xbee je v\xc5\xa1e ok.';@;b'Twitter Web Client';@;None;@;None;@;b'sk';@;2;@;1
405010958516375552;b'Dali353';@;Mon 2013-11-25 16:31:51;@;b'@terrinao Tak a\xc5\xbe pro Tebe budu m\xc3\xadt d\xc5\xafle\xc5\xbeit\xc3\xa9 zpr\xc3\xa1vy nebo milion v hotovosti, tak prvn\xc4\x9b kouknu, jestli nem\xc3\xa1\xc5\xa1 \xc5\xa1punty v u\xc5\xa1\xc3\xadch, abych neru\xc5\xa1il. ;)';@;b'Twitter Web Client';@;None;@;None;@;b'sk';@;0;@;0
405032520997437440;b'van_der_Raven';@;Mon 2013-11-25 17:57:32;@;b'Pokud v report\xc3\xa1\xc5\xbei sly\xc5\xa1\xc3\xadm, \xc5\xbee "policist\xc3\xa9 vykonali DOSLOVA mraven\xc4\x8d\xc3\xad pr\xc3\xa1ci", dost m\xc4\x9b pak p\xc5\x99ekvap\xc3\xad, kdy\xc5\xbe neuvid\xc3\xadm z\xc3\xa1b\xc4\x9br kupky jehli\xc4\x8d\xc3\xad. #CzechTV';@;b'Twitter for Android';@;None;@;None;@;b'sk';@;12;@;2
405062985657647104;b'FlyingVero';@;Mon 2013-11-25 19:58:36;@;b'Nejlep\xc5\xa1\xc3\xad je vytirat schody vstupu do metra,kdy\xc5\xbe venku mrzne.. #vltavska #proc_ne';@;b'Twitter for Android';@;None;@;None;@;b'sk';@;0;@;0
405064564531683329;b'Zerngheta';@;Mon 2013-11-25 20:04:52;@;b'Lidi jsou tak nen\xc3\xa1padn\xc3\xad.';@;b'Twitter Web Client';@;None;@;None;@;b'sk';@;1;@;0
405070855278833664;b'zadnadama';@;Mon 2013-11-25 20:29:52;@;b'@kucera02 ba\xc5\xbee, ide\xc3\xa1ln\xc3\xad m\xc3\xadsto pro milostn\xc3\xa1 panodramata';@;b'Twitter Web Client';@;None;@;None;@;b'sk';@;0;@;0
405633465082990592;b'TerezaHejclova';@;Wed 2013-11-27 09:45:29;@;b'Je to jako hledat jehluv kupce sena. A to je velice komplikovan\xc3\xa9. Opravdu? #jankojede';@;b'Twitter for iPhone';@;{'coordinates': [15.85542825, 50.21798245], 'type': 'Point'};@;{'coordinates': [50.21798245, 15.85542825], 'type': 'Point'};@;b'sk';@;1;@;0
405666971099754496;b'8suffering';@;Wed 2013-11-27 11:58:37;@;b'Ty \xc3\xba\xc5\xbeasn\xc3\xbd ekologick\xc3\xbd se\xc5\xa1\xc3\xadva\xc4\x8dky jsou virus, kter\xc3\xbdm jsem nakazil (zatim) celej technickej \xc3\xbasek.';@;b'Twitter Web Client';@;None;@;None;@;b'sk';@;2;@;0
405790178934915072;b'david_melden';@;Wed 2013-11-27 20:08:12;@;b'@Kaatyna Slohovky jsou \xc5\xbe\xc5\xaf\xc5\xbeo.';@;b'Twitter Web Client';@;None;@;None;@;b'sk';@;0;@;0
406131456642011136;b'RepairDiablo';@;Thu 2013-11-28 18:44:19;@;b'Zbo\xc5\xbe\xc5\x88uji lidi, kte\xc5\x99\xc3\xad v\xc4\x9bd\xc3\xad v\xc5\xa1e s naprostou jistotou. V\xc5\xa1e u\xc5\xbe bylo vynalezeno a nic nov\xc3\xa9ho nelze objevit.';@;b'Twitter Web Client';@;None;@;None;@;b'sk';@;0;@;0
406371416229941248;b'keftesparty';@;Fri 2013-11-29 10:37:50;@;b'to je fakt super jak n\xc4\x9bkdo, kdo na na\xc5\xa1em koncert\xc4\x9b nebyl, je schopnej napsat naprosto dementn\xc3\xad kritiku a je\xc5\xa1t\xc4\x9b ve ver\xc5\xa1\xc3\xadch #srforum #dikypico';@;b'Twitter Web Client';@;None;@;None;@;b'sk';@;0;@;0
407177393242005504;b'Ajuleee';@;Sun 2013-12-01 16:00:30;@;b'super, z n\xc4\x9bm\xc4\x8diny m\xc3\xa1m 4 jedni\xc4\x8dky a 1 dvojku a hned kv\xc5\xafli tomu dostanu dvojku na vysv\xc4\x9bd\xc4\x8den\xc3\xad';@;b'Twitter Web Client';@;None;@;None;@;b'sk';@;0;@;0
407581399093620736;b'Deckard9';@;Mon 2013-12-02 18:45:52;@;b'Blahopr\xcc\x8ceju \xc4\x8cT k zmatl\xc3\xa1n\xc3\xad vs\xcc\x8cech zpr\xc3\xa1v na t\xc3\xa9ma Amazon za posledn\xc3\xad t\xc3\xbdden do jedn\xc3\xa9 zmaten\xc3\xa9 report\xc3\xa1\xc5\xbee...';@;b'Twitterrific';@;None;@;None;@;b'sk';@;0;@;0
407798873709494272;b'honzastejskal93';@;Tue 2013-12-03 09:10:02;@;b'U\xc5\xbe jen \xc4\x8dek\xc3\xa1m, a\xc5\xbe m\xc4\x9b tu nau\xc4\x8d\xc3\xad dojit kr\xc3\xa1vy .. #suchdol';@;b'Twitter Web Client';@;None;@;None;@;b'sk';@;0;@;0
408295175669444608;b'_CzechChick_';@;Wed 2013-12-04 18:02:10;@;b'Vyhr\xc3\xa1la jsem v beachovy sout\xc4\x9b\xc5\xbei deodorant! Kone\xc4\x8dn\xc4\x9b nebudu smrdet!';@;b'Twitter for iPhone';@;{'coordinates': [14.5578313, 50.04769712], 'type': 'Point'};@;{'coordinates': [50.04769712, 14.5578313], 'type': 'Point'};@;b'sk';@;0;@;0
408323054956064769;b'gadoliniumgirl';@;Wed 2013-12-04 19:52:57;@;b'P\xc5\x99ejeme V\xc3\xa1m p\xc5\x99\xc3\xadjemn\xc3\xbd pobyt u n\xc3\xa1s v mraz\xc3\xa1ku. http://t.co/rLXcWJMARa';@;b'Twitter Web Client';@;None;@;None;@;b'sk';@;2;@;0
408609137791361024;b'nocni_kanec';@;Thu 2013-12-05 14:49:44;@;b'@koumesak nojo, to je ten \xc3\x81\xc3\x81ndroid a ty odlad\xc4\x9bn\xc3\xbd appky :-D';@;b'Tweetbot for iOS';@;None;@;None;@;b'sk';@;0;@;0
408659001404956672;b'ominikap';@;Thu 2013-12-05 18:07:53;@;b'N\xc4\x9bkter\xc3\xbd fejky na facebooku jsou stra\xc5\xa1n\xc4\x9b """""nen\xc3\xa1padn\xc3\xad"""""';@;b'Twitter Web Client';@;None;@;None;@;b'sk';@;1;@;0
408731162123968512;b'klarplachetkova';@;Thu 2013-12-05 22:54:37;@;b'To je par\xc3\xa1da bydlet na kopci, vedle pole, jen \xc4\x8dek\xc3\xa1m, kdy budu bez st\xc5\x99echy nad hlavou. #v\xc3\xa1nek';@;b'Twitter for iPhone';@;None;@;None;@;b'sk';@;0;@;0
409239516164395009;b'mpl75';@;Sat 2013-12-07 08:34:38;@;b'@ProsteBlond Chleba a b\xc5\xaf\xc4\x8dek, to je velk\xc3\xbd j\xc3\xaddlo. Ale tenk\xc3\xa9 pl\xc3\xa1tky a l\xc3\xa0 ang. slanina oh\xc5\x99\xc3\xa1t\xc3\xa9 v mikrovlnce a v rohl\xc3\xadku, to je lehk\xc3\xa1 sva\xc4\x8dinka ;-)';@;b'Tweetbot for iOS';@;None;@;None;@;b'sk';@;1;@;0
409386181311209472;b'Pajky3';@;Sat 2013-12-07 18:17:26;@;b'v UK maj\xc3\xad zvl\xc3\xa1\xc5\xa1tn\xc3\xad smysl pro umis\xc5\xa5ov\xc3\xa1n\xc3\xad v\xc4\x9bc\xc3\xad. Dneska v jednom m\xc4\x9bste\xc4\x8dku byl ducho\xc4\x8f\xc3\xa1k hned vedle h\xc5\x99bitova. #ironie';@;b'Twitter Web Client';@;None;@;None;@;b'sk';@;0;@;0
410160158023499776;b'AldaF1';@;Mon 2013-12-09 21:32:56;@;b'@Tess_ina jsi velmi skromn\xc3\xa1 sle\xc4\x8dna, takovou jsem si v\xc5\xbedycky p\xc5\x99\xc3\xa1l #ironie';@;b'Twitter Web Client';@;None;@;None;@;b'sk';@;0;@;0
410444793110482945;b'JiHomola';@;Tue 2013-12-10 16:23:59;@;b'@honzajavorek oni t\xc4\x9bch Kindl\xc5\xaf moc neprodaj\xc3\xad v\xc3\xad\xc5\xa1 tak hon\xc3\xad ka\xc5\xbed\xc3\xbdho z\xc3\xa1kazn\xc3\xadka :-D #ironie';@;b'Twitter Web Client';@;None;@;None;@;b'sk';@;1;@;0
410488996830003200;b'JSEM_BOZI';@;Tue 2013-12-10 19:19:38;@;b'tolik mlad\xc3\xa9ho potenci\xc3\xa1lu #ironie http://t.co/n6ONw0sUym';@;b'Twitter Web Client';@;None;@;None;@;b'sk';@;5;@;3
410702588926255104;b'bladezone';@;Wed 2013-12-11 09:28:22;@;b'\xc4\x8cesk\xc3\xa9 dr\xc3\xa1hy dok\xc3\xa1\xc5\xbe\xc3\xad v\xc5\xbedy pot\xc4\x9b\xc5\xa1it, kap\xc3\xa1nek zpo\xc5\xbed\xc4\x9bn\xc3\xad :)) #sarcasm';@;b'Twitter for Android';@;None;@;None;@;b'sk';@;0;@;0
411525338770857984;b'pokorna97';@;Fri 2013-12-13 15:57:41;@;b'a pro ty co nev\xc3\xad, Smejkalov\xc3\xa1 je na\xc5\xa1e milovan\xc3\xa1 u\xc4\x8ditelka na t\xc4\x9bl\xc3\xa1\xc3\xa1k :)))))))))))))))) #ironie';@;b'Twitter Web Client';@;None;@;None;@;b'sk';@;0;@;0
411914167290171392;b'MichalBryxi';@;Sat 2013-12-14 17:42:45;@;b'D\xc4\x9bkuji t\xc3\xadmto Google+ za to, \xc5\xbee d\xc3\xadky sv\xc3\xa9 enormn\xc3\xad nestabilit\xc4\x9b m\xc4\x9b nau\xc4\x8dila \xc5\x99\xc3\xa1dn\xc4\x9b a \xc4\x8dasto pou\xc5\xbe\xc3\xadvat ctrl+shift+R #sarkasmus';@;b'Twitter for Mac';@;None;@;None;@;b'sk';@;0;@;0
412948990800703488;b'nikyhoang';@;Tue 2013-12-17 14:14:46;@;b'je super mit rodinu, ktera vas podporuje #ironie';@;b'Twitter for Android';@;None;@;None;@;b'sk';@;0;@;0
413539424648327168;b'BeeGeeCZ';@;Thu 2013-12-19 05:20:56;@;b'Tvl, ten autobus\xc3\xa1k je druhej Newey.. #ironie\nTo do toho Norimberku dojedeme fakt za t\xc4\x9bch 6 hodin.';@;b'Twitter for Android';@;None;@;None;@;b'sk';@;1;@;0
413941673170042880;b'MichalBryxi';@;Fri 2013-12-20 07:59:20;@;b'Po p\xc5\xaflroce pou\xc5\xbe\xc3\xadv\xc3\xa1n\xc3\xad tabletu s Win8 kone\xc4\x8dn\xc4\x9b p\xc5\x99i\xc5\xa1la \xc4\x8de\xc5\xa1tina. Takhle se d\xc4\x9blaj\xc3\xad enterprise produkty! #sarkasmus http://t.co/RLAEP0MbVc';@;b'Twitter for Android';@;None;@;None;@;b'sk';@;0;@;0
414394083512041472;b'dominojirotka';@;Sat 2013-12-21 13:57:03;@;b'@Zerngheta @BasedGodHades Asi jo. letos si ani na n\xc4\x9bj\xc3\xa1kou hitovku nevzpomenu. Ale Metrix m\xc4\x9bl p\xc3\xa1r dobrejch.. #ironie';@;b'Twitter Web Client';@;None;@;None;@;b'sk';@;1;@;0
414687684335247360;b'adriiiiiianka';@;Sun 2013-12-22 09:23:43;@;b'To n\xc3\xa1m ten den zase hezky za\xc4\x8d\xc3\xadn\xc3\xa1 #ironie';@;b'Twitter for Android';@;None;@;None;@;b'sk';@;0;@;0
415604239503593472;b'pokorna97';@;Tue 2013-12-24 22:05:46;@;b'a z\xc3\xadtra n\xc3\xa1s \xc4\x8dek\xc3\xa1 rodinn\xc3\xa1 oslava - zp\xc3\xadv\xc3\xa1n\xc3\xad koled, stra\xc5\xa1n\xc4\x9b moc lid\xc3\xad, babi\xc4\x8dky, strejdov\xc3\xa9, tety #jupii #ironie';@;b'Twitter Web Client';@;None;@;None;@;b'sk';@;2;@;0
400155649969242112;b'KajiBibova';@;Tue 2013-11-12 06:58:36;@;b'Kdyz uz m\xc3\xa1me jednou za rok suplovani, tak za nejlep\xc5\xa1\xc3\xad p\xc5\x99edm\xc4\x9bt ten nejhor\xc5\xa1\xc3\xad. Dneska m\xc3\xadsto d\xc4\x9bjepisu pedagogika. To se v\xc3\xa1m teda povedlo.';@;b'Twitter for iPhone';@;None;@;None;@;b'sk';@;1;@;0
400161413315850240;b'tomashak';@;Tue 2013-11-12 07:21:30;@;b'@FrantisekSafr @MartinHajn @zhbox to je jako stokorunov\xc3\xa1 sleva na cen\xc4\x9b Mercedesu ;-)';@;b'Twitter Web Client';@;None;@;None;@;b'sk';@;2;@;0
400171034785357824;b'BenOlsansky';@;Tue 2013-11-12 07:59:44;@;b'@kachnacekk Mmm, thx for info. Ale jeste muzikalovou, hasicskou a zdravotni noc a za chvili nebudeme mit kdy spat. :D';@;b'Twitter for Android';@;None;@;None;@;b'sk';@;0;@;0
400173656820563968;b'OndrejKasik';@;Tue 2013-11-12 08:10:09;@;b'Z diskuse: "To na\xc5\xa1tve, kdy\xc5\xbe \xc4\x8dlov\xc4\x9bk posp\xc3\xadch\xc3\xa1 a p\xc5\x99ijede takov\xc3\xa1to n\xc3\xa1dhera. Do toho bych nevlezl z principu." Mus\xc3\xad\xc5\xa1 holt jezdit s p\xc5\x99edstihem :-)';@;b'Twitter Web Client';@;None;@;None;@;b'sk';@;7;@;0
400251753389518848;b'MartinLidicky';@;Tue 2013-11-12 13:20:28;@;b'@cognito_cz No, \xc5\xbee by Saatchi byla n\xc4\x9bjak\xc3\xa1 top agentura ... ? Kolikr\xc3\xa1t ji tady u\xc5\xbe zav\xc5\x99eli ? Dvakr\xc3\xa1t ?';@;b'TweetDeck';@;None;@;None;@;b'sk';@;0;@;0
400317236340330496;b'EsterkaMotor';@;Tue 2013-11-12 17:40:41;@;b'http://t.co/yz4HIORPjO Kr\xc3\xa1sn\xc3\xbd chor\xc3\xa1l (y) ! Mechov m\xc3\xa1 inteligentn\xc3\xad fanou\xc5\xa1ky :)) (y) #ironie :)';@;b'Twitter for iPhone';@;None;@;None;@;b'sk';@;0;@;0
400329856543891457;b'Pavlina_speaks';@;Tue 2013-11-12 18:30:50;@;b'"Ke svobodn\xc3\xa9 firm\xc4\x9b vede cesta p\xc5\x99es lok\xc3\xa1ln\xc3\xadho vlastn\xc3\xadka a ide\xc3\xa1ln\xc3\xad konstelaci hv\xc4\x9bzd." #ldo';@;b'Twitter for Windows Phone';@;None;@;None;@;b'sk';@;1;@;0
400633463247613952;b'StoneFromMerkur';@;Wed 2013-11-13 14:37:15;@;b'Na ot\xc3\xa1zku "Vad\xc3\xad v\xc3\xa1m mno\xc5\xbestv\xc3\xad slov\xc3\xa1k\xc5\xaf studuj\xc3\xadc\xc3\xadch na na\xc5\xa1\xc3\xad univerzit\xc4\x9b?" 90% student\xc5\xaf odpov\xc4\x9bd\xc4\x9blo: "Nie." #ironie #Slovensko';@;b'Twitter Web Client';@;None;@;None;@;b'sk';@;1;@;0
400639131090296832;b'LucoLoss';@;Wed 2013-11-13 14:59:47;@;b'Si za\xc5\x99\xc3\xaddim celej matur\xc3\xa1k s\xc3\xa1m a nic jim z t\xc4\x9bch pen\xc4\x9bz ned\xc3\xa1m :+)';@;b'Twitter Web Client';@;None;@;None;@;b'sk';@;1;@;0
400675144856653825;b'Kalis11';@;Wed 2013-11-13 17:22:53;@;b'@MovemberCZ nejhust\xc5\xa1\xc3\xad redak\xc4\x8dn\xc3\xad MoBro? jednozna\xc4\x8dn\xc4\x9b kolega @OndrejZamazal :) @mikiedusik kn\xc3\xadr nalezen pod lupou, ale sna\xc5\xbeiv\xc3\xbd MoBro se po\xc4\x8d\xc3\xadt\xc3\xa1!';@;b'Twitter Web Client';@;None;@;None;@;b'sk';@;2;@;1
401726961015197697;b'StoneFromMerkur';@;Sat 2013-11-16 15:02:25;@;b'...kdy\xc5\xbe naprosto zhulenej \xc4\x8dlov\xc4\x9bk zp\xc3\xadv\xc3\xa1, \xc5\xbee "J\xc3\xa1 jsem alkoholik..." #ironie';@;b'Twitter Web Client';@;None;@;None;@;b'sk';@;1;@;0
402059568940720129;b'just_radovan';@;Sun 2013-11-17 13:04:05;@;b'@frogggias Nejsem si moc jisty, ze kocka a tygr kousou stejne :D';@;b'TweetDeck';@;None;@;None;@;b'pl';@;0;@;0
402106352711237632;b'm_joachymstal';@;Sun 2013-11-17 16:09:59;@;b'Myslel jsem, ze u #kone je nejaka pripominkova akce boje za demokracii,omyl jde o mitink antisystemovych delniku a jinych nacku. #89 #ironie';@;b'Twitter for Android';@;None;@;None;@;b'sk';@;1;@;0
402442300695281664;b'appeltauer';@;Mon 2013-11-18 14:24:56;@;b'@cataLuc M\xc3\xa1\xc5\xa1 na mysli heslo \xe2\x80\x9cPoru\xc4\x8d\xc3\xadme v\xc4\x9btru, de\xc5\xa1ti, internetu\xe2\x80\x9d?';@;b'Tweetbot for iOS';@;None;@;None;@;b'sk';@;0;@;0
402848088517533696;b'pavel1tu';@;Tue 2013-11-19 17:17:23;@;b'"@smartmania: Apple vydal beta verzi iOS 7.1: Jak\xc3\xa9 novinky p\xc5\x99in\xc3\xa1\xc5\xa1\xc3\xad? http://t.co/xfNGLxJW7b" - Pavel1TU:"V\xc3\xadce chyb ?" #fb';@;b'Twitter for BlackBerry\xc2\xae';@;None;@;None;@;b'sk';@;0;@;0
403825447307182081;b'DrakulkaCZ';@;Fri 2013-11-22 10:01:04;@;b'@Kuliocko_ Ach ty p\xc5\x99eklepy. To m\xc4\x9bl b\xc3\xbdt tunel Banka! Nen\xc3\xad divu, \xc5\xbee je z toho tunel...8^(';@;b'Twitter Web Client';@;None;@;None;@;b'sk';@;1;@;0
404674361548087297;b'jiribulan';@;Sun 2013-11-24 18:14:20;@;b'V\xc4\x8dera asi n\xc4\x9bco koupil. Kolik asi stoj\xc3\xad sv\xc4\x9bdectv\xc3\xad b\xc3\xbdval\xc3\xa9ho rozv\xc4\x9bd\xc4\x8d\xc3\xadka? @skutecnybabis http://t.co/7T4uKTIR7O';@;b'Twitter for Android';@;None;@;None;@;b'sk';@;0;@;0
404907413553160193;b'edahlava';@;Mon 2013-11-25 09:40:24;@;b'Od Krizomat.cz n\xc3\xa1m do firemn\xc3\xad po\xc5\xa1ty dorazila nab\xc3\xaddka na vibr\xc3\xa1tor. Ale maj\xc3\xad to \xc5\xa1patn\xc4\x9b zac\xc3\xadlen\xc3\xa9. Vzru\xc5\xa1en\xc3\xad a vibrac\xc3\xad u projekt\xc5\xaf m\xc3\xa1me dostatek.';@;b'Twitter Web Client';@;None;@;None;@;b'sk';@;0;@;0
406325214663180289;b'Stredni_trida';@;Fri 2013-11-29 07:34:14;@;b'@CzechTV postupovala podle Nejvy\xc5\xa1\xc5\xa1\xc3\xadho spr\xc3\xa1vn\xc3\xadho soudu p\xc5\x99ed #volby2013 spr\xc3\xa1vn\xc4\x9b viz http://t.co/Ru2cZJ1QwB #ironie a arogance \xc4\x8cT i soudu #fail';@;b'Twitter for Windows Phone';@;None;@;None;@;b'sk';@;0;@;0
406402119869427712;b'Klica61';@;Fri 2013-11-29 12:39:50;@;b'@KozakovaPavlina "M\xc3\xa1m v\xc4\x9bt\xc5\xa1\xc3\xad" #Ironie';@;b'Twitter for Android';@;None;@;None;@;b'sk';@;0;@;0
407239114862231552;b'MartinVanko';@;Sun 2013-12-01 20:05:45;@;b'@stary_mrzout na druhou stranu je t\xc5\x99eba ocenit kvalitn\xc3\xadho p\xc5\x99edskokana :-) #irony';@;b'Twitter Web Client';@;None;@;None;@;b'sk';@;1;@;0
407477501716226049;b'aloisdottir';@;Mon 2013-12-02 11:53:01;@;b'Nesm\xc3\xadm se t\xc3\xadm no\xc5\xbeem fiknout, byla bych potom fikan\xc3\xa1!';@;b'Twitter Web Client';@;None;@;None;@;b'sk';@;0;@;0
407507176450572288;b'fiskaj';@;Mon 2013-12-02 13:50:56;@;b'Od bratra dostanu komentovan\xc3\xbd program NSDAP, od rodi\xc4\x8d\xc5\xaf U\xc5\xbe je tady zas... mysl\xc3\xadm, \xc5\xbee to budou vesel\xc3\xa9 V\xc3\xa1noce.';@;b'Twitter Web Client';@;None;@;None;@;b'sk';@;0;@;0
407859404500119552;b'lukasvacek';@;Tue 2013-12-03 13:10:34;@;b'#revizori na Pankr\xc3\xa1ci. Takov\xc3\xbd ty drsn\xc3\xbd "macho" typy (#ironie), kdy\xc5\xbe je vid\xc3\xadte, dali byste jim z l\xc3\xadtosti korunu na rohl\xc3\xadk. Kartu necht\xc4\x9bli :)';@;b'Twitter for Android';@;None;@;None;@;b'sk';@;0;@;0
407954927256760320;b'pannyzkj';@;Tue 2013-12-03 19:30:08;@;b'\xc4\x8caj\xc3\xa1nka miluj\xc3\xad v\xc5\xa1ude. #debil #d\xc3\xadt\xc4\x9b #agresor #prase #ironie';@;b'Twitter Web Client';@;None;@;None;@;b'sk';@;2;@;0
408329235506286592;b'Stredni_trida';@;Wed 2013-12-04 20:17:30;@;b'@lwitassek Spr\xc3\xa1vn\xc4\x9b. Naopak #Havel cht\xc4\x9bl, aby vl\xc3\xa1dli jeho kamar\xc3\xa1di jako hradn\xc3\xad klika. Parlamentn\xc3\xad demokracie byla Havlova \xc4\x8dern\xc3\xa1 m\xc5\xafra. #ironie';@;b'Twitter Web Client';@;None;@;None;@;b'sk';@;0;@;0
408970160352264192;b'deer_nikki';@;Fri 2013-12-06 14:44:19;@;b'@Diggy613 Nesn\xc3\xa1\xc5\xa1\xc3\xadm to , douf\xc3\xa1m , \xc5\xbee se do\xc5\xbeiju dne , kdy z po\xc4\x8de\xc5\xa1t\xc3\xad i Ameri\xc4\x8dany .. Aby se to l\xc3\xadp \xc4\x8detlo .. #ironie';@;b'Twitter for Android';@;{'coordinates': [14.4095576, 50.0985017], 'type': 'Point'};@;{'coordinates': [50.0985017, 14.4095576], 'type': 'Point'};@;b'sk';@;0;@;0
408990573438464001;b'Kweeuu';@;Fri 2013-12-06 16:05:26;@;b'@NelaVokrojova A to se p\xc3\xa1n netrefil jenom o jednu a p\xc5\xafl ulice :)';@;b'Twitter for Mac';@;None;@;None;@;b'sk';@;0;@;0
399929728930308096;b'DannyGajdos';@;Mon 2013-11-11 16:00:52;@;b'@kalousekm Babi\xc5\xa1 nikdy nel\xc5\xbee :D #ironie';@;b'Twitter Web Client';@;None;@;None;@;b'sk';@;0;@;0
399934302269767680;b'StyvekDrtic';@;Mon 2013-11-11 16:19:02;@;b'Miluju MHD. Cpe se na m\xc4\x9b n\xc4\x9bjakej bu\xc5\x99t, vedle bre\xc4\x8d\xc3\xad d\xc3\xadt\xc4\x9b a do toho v\xc5\xa1ichni smrd\xc4\x9bj, dejchaj a ka\xc5\xa1lou... #ironie';@;b'Twitter for Windows Phone';@;None;@;None;@;b'sk';@;0;@;0
400019997402996736;b'_To_as_';@;Mon 2013-11-11 21:59:34;@;b'Nejv\xc3\xadc nejlep\xc5\xa1\xc3\xad na\xc5\xa1 pan prezident.\nZranit si koleno n\xc3\xa1razem do sk\xc5\x99\xc3\xadn\xc4\x9b? Co asi d\xc4\x9blal?';@;b'Twitter Web Client';@;None;@;None;@;b'sk';@;0;@;0
400125452184203264;b'milancholt';@;Tue 2013-11-12 04:58:36;@;b'316 #dobrerano . Na ka\xc5\xbed\xc3\xa9m dni si najdete v\xc5\xbedy neco pozitivn\xc3\xadho. I kdyz v\xc3\xadte ze bude st\xc3\xa1t za hovno a ne\xc4\x8dek\xc3\xa1 vas nic p\xc5\x99\xc3\xadjemn\xc3\xa9ho :-).';@;b'Tweetbot for iOS';@;None;@;None;@;b'sk';@;2;@;0
400133485286801408;b'roomybilek';@;Tue 2013-11-12 05:30:31;@;b'@JaromirBosak to zn\xc3\xa1m taky. P\xc5\x99i vir\xc3\xb3ze se zvedne sk\xc5\x99\xc3\xad\xc5\x88 a rozbije \xc4\x8dlov\xc4\x9bku dr\xc5\xbeku :D';@;b'Twitter Web Client';@;None;@;None;@;b'sk';@;0;@;0
400134199140950016;b'jirkaxSW';@;Tue 2013-11-12 05:33:21;@;b'Podle O2 jsem v Rakousku super';@;b'Twitter for iPhone';@;None;@;None;@;b'sk';@;0;@;0
400136316463362048;b'ZdenekMalinsky';@;Tue 2013-11-12 05:41:46;@;b'V p\xc5\xafl \xc5\xa1est\xc3\xa9 kv\xc5\xafli v\xc3\xbdluce p\xc5\x99esedat z vlaku na bus, co m\xc5\xaf\xc5\xbee b\xc3\xbdt v\xc3\xadc? T\xc5\x99eba to, \xc5\xbee se v \xc5\xa1eru brod\xc3\xadte bahnem nebo lou\xc5\xbeemi, bus p\xc5\x99ijede pozd\xc4\x9b\xe2\x80\xa6';@;b'Tweetbot for iOS';@;None;@;None;@;b'sk';@;0;@;0
400136644889948161;b'cotomate';@;Tue 2013-11-12 05:43:04;@;b'@bolinka_cz Jestli jste tu prvn\xc3\xad \xc4\x8d\xc3\xa1st rekonstrukce - demolici - trochu nep\xc5\x99ehnali. :)';@;b'Twitter for Android';@;None;@;None;@;b'sk';@;1;@;0
400137632803336192;b'FilipHorky';@;Tue 2013-11-12 05:47:00;@;b'@Kalis11 @FLutonsky @lidovenoviny Twitter je v\xc3\xbdborn\xc3\xbd k nahrazen\xc3\xad obl\xc3\xadben\xc3\xa9ho "zazn\xc3\xadvaj\xc3\xad hlasy", "\xc5\x99\xc3\xadk\xc3\xa1 se", "spekuluje se"...';@;b'Twitter Web Client';@;None;@;None;@;b'sk';@;0;@;0
400142143085625344;b'ZdenekMalinsky';@;Tue 2013-11-12 06:04:55;@;b'@Medvidekpu Po\xc5\x99\xc3\xa1d se to jmenuje \xc3\x9aAN Praha-Florenc? J\xc3\xa1 vych tipoval sp\xc3\xad\xc5\xa1 Tady je Jan\xc4\x8durovo.';@;b'Tweetbot for iOS';@;None;@;None;@;b'sk';@;0;@;0
400143614929805312;b'JiriSkrampal';@;Tue 2013-11-12 06:10:46;@;b'Konzervatismus, kdy\xc5\xbe je to jednou ve \xc5\xa1koln\xc3\xadm \xc5\x99\xc3\xa1du, tak se to mus\xc3\xad dodr\xc5\xbeovat, a to nav\xc5\xbedy, jinak vypukne anarchie a tradi\xc4\x8dn\xc3\xad hodnoty zem\xc5\x99ou.';@;b'Plume\xc2\xa0for\xc2\xa0Android';@;None;@;None;@;b'sk';@;1;@;0
400144052777385984;b'JiriSkrampal';@;Tue 2013-11-12 06:12:31;@;b'A zlat\xc3\xbd h\xc5\x99eb je argument "j\xc3\xa1 na hlav\xc4\x9b p\xc5\x99ed dvaceti lety taky nic m\xc3\xadt nemohl!" Jasn\xc4\x9b, a na t\xc4\x9blocvik jen \xc4\x8derven\xc3\xbdch trenk\xc3\xa1ch, je to tradi\xc4\x8dn\xc3\xad.';@;b'Plume\xc2\xa0for\xc2\xa0Android';@;None;@;None;@;b'sk';@;3;@;0
400146578280681472;b'tracnik';@;Tue 2013-11-12 06:22:33;@;b'Na @svobodni se mi l\xc3\xadb\xc3\xad ta jejich sebereflexe ve stranick\xc3\xa9m logu. Osel s hlavou vra\xc5\xbeenou do \xc5\xa1ne\xc4\x8d\xc3\xad ulity mi prost\xc4\x9b p\xc5\x99ijde super.';@;b'Twitter Web Client';@;None;@;None;@;b'sk';@;41;@;14
400147285561966592;b'Mishel_K95';@;Tue 2013-11-12 06:25:21;@;b'Fakt skv\xc4\x9bl\xc3\xbd ps\xc3\xa1t po r\xc3\xa1nu \xc3\xbakoly -.- :D';@;b'Twitter Web Client';@;None;@;None;@;b'sk';@;0;@;1
400149478759727104;b'honzaruzz';@;Tue 2013-11-12 06:34:04;@;b'Dneska mus\xc3\xad b\xc3\xbdt v\xc3\xbdjime\xc4\x8dn\xc3\xbd den,jinak si neumim vysv\xc4\x9btlit pro\xc4\x8d jsem se probudil u\xc5\xbe p\xc5\x99ed \xc5\xa1estou..';@;b'Twitter for Android';@;None;@;None;@;b'sk';@;1;@;0
400150420691365888;b'KlaraVitkov';@;Tue 2013-11-12 06:37:49;@;b'K \xc4\x8demu no\xc4\x8dn\xc3\xad sp\xc3\xa1nek, kdy\xc5\xbe m\xc5\xaf\xc5\xbeete r\xc3\xa1no prospat vyu\xc4\x8dov\xc3\xa1n\xc3\xad? Haha, V\xc3\xadtkov\xc3\xa1, ty kryple, vst\xc3\xa1vej!';@;b'Twitter for iPhone';@;None;@;None;@;b'sk';@;2;@;0
400150721171304448;b'Bydzis';@;Tue 2013-11-12 06:39:01;@;b'Cht\xc4\x9bl bych b\xc3\xbdt lama a nic neum\xc4\x9bt. Alespo\xc5\x88 by m\xc4\x9b p\xc5\x99estali v\xc5\xa1ichni se v\xc5\xa1\xc3\xadm otravovat';@;b'Twitter for iPhone';@;{'coordinates': [13.82082294, 50.34427193], 'type': 'Point'};@;{'coordinates': [50.34427193, 13.82082294], 'type': 'Point'};@;b'sk';@;3;@;0
400152372468789248;b'martinvagner';@;Tue 2013-11-12 06:45:34;@;b'@radeksafka #iPad a probl\xc3\xa9m s Wi-Fi? To se u tak \xc3\xba\xc5\xbeasn\xc3\xa9ho a dokonal\xc3\xa9ho v\xc3\xbdrobku p\xc5\x99ece nikdy nem\xc5\xaf\xc5\xbee st\xc3\xa1t ;)';@;b'Falcon-Pro';@;None;@;None;@;b'sk';@;0;@;0
400154752912486401;b'_morgancz';@;Tue 2013-11-12 06:55:02;@;b'Chcete heslo na wifi v na\xc5\xa1\xc3\xad \xc5\xa1kole? Tak po\xc5\xa1lete mailem p\xc5\x99ijmen\xc3\xad, jm\xc3\xa9no, t\xc5\x99ida a do t\xc4\x9bla zpr\xc3\xa1vy va\xc5\xa1\xc3\xad MAC adresu. Aneb school stalking power...';@;b'twicca';@;None;@;None;@;b'sk';@;0;@;0
400160176487288832;b'ondrejfer';@;Tue 2013-11-12 07:16:35;@;b'V souvislosti s hlavou st\xc3\xa1tu m\xc4\x9b st\xc3\xa1le \xc4\x8dast\xc4\x9bji napad\xc3\xa1 slovn\xc3\xad spojen\xc3\xad nucen\xc3\xbd v\xc3\xbdsek.';@;b'Hootsuite';@;None;@;None;@;b'sk';@;0;@;0
400161475308036096;b'tashicz';@;Tue 2013-11-12 07:21:45;@;b'Rann\xc3\xad \xc5\xa1pi\xc4\x8dku v Albertu pozn\xc3\xa1te podle 2 sekuri\xc5\xa5\xc3\xa1k\xc5\xaf na place a 1 otev\xc5\x99en\xc3\xa9 pokladny #verywelldone';@;b'Twitter for Android';@;None;@;None;@;b'sk';@;2;@;0
400169958019457025;b'OndrejTrhon';@;Tue 2013-11-12 07:55:27;@;b'Mo\xc5\xben\xc3\xa1 p\xc5\x99ijde i kouzeln\xc3\xadk (@ Krajsk\xc3\xbd soud Praha a Obvodn\xc3\xad soud pro Prahu 5) http://t.co/tGeZqSONwd';@;b'Foursquare';@;{'coordinates': [14.404911, 50.07869991], 'type': 'Point'};@;{'coordinates': [50.07869991, 14.404911], 'type': 'Point'};@;b'sk';@;0;@;0
400170186323423232;b'michal_zak';@;Tue 2013-11-12 07:56:21;@;b'"USA a Brit\xc3\xa1nie pos\xc3\xadlaj\xc3\xad k Filip\xc3\xadn\xc3\xa1m v\xc3\xa1le\xc4\x8dn\xc3\xa9 lod\xc4\x9b." A \xc4\x8dlov\xc4\x9bk by \xc5\x99ekl, \xc5\xbee u\xc5\xbe je ty dobyvatelsk\xc3\xa9 choutky p\xc5\x99e\xc5\xa1ly...';@;b'Twitter Web Client';@;None;@;None;@;b'sk';@;0;@;0
400592387325444097;b'EniKorinkova';@;Wed 2013-11-13 11:54:02;@;b'@VaclavSoukup @rozanek \xc4\x8cek\xc3\xa1m, a\xc5\xbe n\xc4\x9bkdo p\xc5\x99ijde s ,,odhalen\xc3\xadm", \xc5\xbee sma\xc5\xbeen\xc3\xbd s\xc3\xbdr nem\xc3\xa1 gram\xc3\xa1\xc5\xbe, proto\xc5\xbee ty polotovary nikdo nev\xc3\xa1\xc5\xbeil\xe2\x80\xa6 ;) #sarkasmus';@;b'Twitter Web Client';@;None;@;None;@;b'sk';@;0;@;0
401019304885252097;b'lg_from_space';@;Thu 2013-11-14 16:10:27;@;b'm\xc3\xa1m fakt radost, \xc5\xbee za\xc4\x8d\xc3\xadn\xc3\xa1m um\xc3\xadrat na nemoc a za 3 hodky jsou Biffy! #zkurvenyzivot';@;b'Twitter Web Client';@;None;@;None;@;b'sk';@;1;@;0
401096501109465088;b'Baru_Brambasova';@;Thu 2013-11-14 21:17:12;@;b'J\xc3\xa1 t\xc3\xadm vlastn\xc4\x9b jen chci vyj\xc3\xa1d\xc5\x99it, jak moc miluji mezin\xc3\xa1rodn\xc3\xad pr\xc3\xa1vo ve\xc5\x99ejn\xc3\xa9 a Pra\xc5\xbesk\xc3\xbd studentsk\xc3\xbd summit/Prague... http://t.co/iyWCfSGXdW';@;b'Facebook';@;None;@;None;@;b'sk';@;1;@;0
401372031981453312;b'bladezone';@;Fri 2013-11-15 15:32:04;@;b'Dnes mi tu na FB bre\xc4\x8d\xc3\xad d\xc4\x9bti, \xc5\xbee dnes maj\xc3\xad t\xc5\x99\xc3\xaddn\xc3\xad sch\xc5\xafzky (rodi\xc4\x8d\xc3\xa1k). Za 1. bez toho bych neusnul (make my day). Za 2. dob\xc5\x99e jim tak #sarcasm';@;b'TweetDeck';@;None;@;None;@;b'sk';@;0;@;0
401470912513720320;b'AnnihilatorCZ';@;Fri 2013-11-15 22:04:59;@;b'@marekfort @DannyGajdos @Saraholeckova J\xc3\xa1 bych ten euroskepticismus zak\xc3\xa1zal. Proto\xc5\xbee kdy\xc5\xbe se n\xc4\x9bco zak\xc3\xa1\xc5\xbee, tak to pak v\xc5\xafbec nikdo ned\xc4\x9bl\xc3\xa1, \xc5\xbee?';@;b'Plume\xc2\xa0for\xc2\xa0Android';@;None;@;None;@;b'sk';@;2;@;2
402052093298499584;b'Ajuleee';@;Sun 2013-11-17 12:34:23;@;b'miluju u n\xc3\xa1s ve m\xc4\x9bst\xc4\x9b ty r\xc3\xa1doby bikery, kter\xc3\xbd si koup\xc4\x9bj bmx a d\xc4\x9blaj stra\xc5\xa1n\xc4\x9b drsn\xc3\xbd a p\xc5\x99itom neum\xc3\xad ani bunny hop';@;b'Twitter Web Client';@;None;@;None;@;b'sk';@;1;@;0
402080434701762561;b'Stredni_trida';@;Sun 2013-11-17 14:27:00;@;b'@mava2014 Za ka\xc5\xbed\xc3\xa9 okolnosti je d\xc5\xafle\xc5\xbeit\xc3\xa9 z\xc5\xafstat nad v\xc4\x9bc\xc3\xad. Merci za primitivnosti prost\xc3\xbd "n\xc3\xa1zor"!   #ironie ;-)  #volme_svobodu';@;b'Twitter for Windows Phone';@;None;@;None;@;b'sk';@;0;@;0
402126489476694016;b'9sirtom5';@;Sun 2013-11-17 17:30:00;@;b'D\xc4\x9bkuji v\xc5\xa1em uv\xc4\x9bdom\xc4\x9bl\xc3\xbdm \xc5\x99idi\xc4\x8d\xc5\xafm, \xc5\xbee v Praze, v t\xc4\x9bch kolon\xc3\xa1ch ani v noci neopomenou zapnout mlhovky. #slepota #\xc5\x99\xc3\xadd\xc3\xadm_slun\xc3\xad\xc4\x8dkov\xc4\x9b';@;b'Twitter for Windows Phone';@;None;@;None;@;b'sk';@;3;@;2
402353743422693378;b'Kaatyna';@;Mon 2013-11-18 08:33:02;@;b'@ProsteBlond @Lotttka @DrakulkaCZ  A j\xc3\xa1 m\xc3\xa1m t\xc5\x99\xc3\xaddn\xc3\xad sch\xc5\xafzky, he\xc4\x8d. A\xc5\xbe do ve\xc4\x8dera, he\xc4\x8d. #SOU';@;b'Twitter Web Client';@;None;@;None;@;b'sk';@;3;@;0
402357842738302976;b'OndraVojta69';@;Mon 2013-11-18 08:49:19;@;b'@boomberlin Tyhle botasky jsem m\xc4\x9bl taky. Dodne\xc5\xa1ka z nich m\xc3\xa1m ostruhy na pat\xc3\xa1ch. Fraje\xc5\x99ina nebol\xc3\xad. #retro #OT @LnskDag @Ajaix_k';@;b'Twitter Web Client';@;None;@;None;@;b'sk';@;2;@;0
402433491217813505;b'JoeWega1911';@;Mon 2013-11-18 13:49:55;@;b'Monitorovan\xc3\xbd hovor od oper\xc3\xa1tora v\xc5\xbedy pot\xc4\x9b\xc5\xa1\xc3\xad.\n#ironie';@;b'Twitter Web Client';@;None;@;None;@;b'sk';@;0;@;0
402470635555008512;b'MirelaRaj';@;Mon 2013-11-18 16:17:31;@;b'@JiriSkrampal t\xc3\xadm nen\xc3\xa1padn\xc4\x9b mysl\xc3\xad, \xc5\xbee to sice nen\xc3\xa1padn\xc4\x9b \xc5\x99ekne, ale pak mi to je\xc5\xa1t\xc4\x9b nen\xc3\xa1padn\xc4\x9bji milionkr\xc3\xa1t p\xc5\x99ipomene :-). @JoanneKovaczicz';@;b'Twitter for Windows Phone';@;None;@;None;@;b'sk';@;0;@;0
402550047830990849;b'dilca46';@;Mon 2013-11-18 21:33:05;@;b'Jo stra\xc5\xa1n\xc4\x9b V\xc3\xa1m to spolu slu\xc5\xa1\xc3\xad a p\xc5\x99eju V\xc3\xa1m to #ironie';@;b'Twitter for Android';@;None;@;None;@;b'sk';@;2;@;0
402570127696486400;b'osud99';@;Mon 2013-11-18 22:52:52;@;b'@ondraschoffka #takurcite skv\xc4\x9ble se s nimi reguluje nap\xc5\x99. hlasitost p\xc5\x99i navigaci v aut\xc4\x9b #ironie jedin\xc3\xa9 rozumn\xc3\xa9 vyu\xc5\xbeit\xc3\xad je p\xc5\x99i hovoru';@;b'Tweetings for Android';@;None;@;None;@;b'sk';@;0;@;0
402755775702896640;b'LeVisible';@;Tue 2013-11-19 11:10:34;@;b'"Nej\xc4\x8dast\xc4\x9bji jsou na alkoholu z\xc3\xa1visl\xc3\xad lidi od 20 do 34 let". Akor\xc3\xa1t\xc5\xbee tomu se ne\xc5\x99\xc3\xadk\xc3\xa1 z\xc3\xa1vislost, ale vysoko\xc5\xa1kolsk\xc3\xa9 studium.';@;b'Twitter Web Client';@;None;@;None;@;b'sk';@;0;@;0
402773210929721345;b'jindra_jan';@;Tue 2013-11-19 12:19:51;@;b'Nav\xc3\xadc jestli roste spot\xc5\x99eba alkoholu, za\xc4\x8d\xc3\xadn\xc3\xa1 ta likvidace men\xc5\xa1\xc3\xadch lik\xc3\xa9rek d\xc3\xa1vat v\xc4\x9bt\xc5\xa1\xc3\xad smysl. Je\xc5\xa1t\xc4\x9b \xc5\xbee m\xc3\xa1me ten hodn\xc3\xbd st\xc3\xa1t :) #irony';@;b'Twitter Web Client';@;None;@;None;@;b'sk';@;0;@;0
402877662345322496;b'DusekSimon';@;Tue 2013-11-19 19:14:54;@;b'Opi\xc5\xa1te text z obr\xc3\xa1zku .. Jo jasn\xc4\x9b! -_- http://t.co/z5Lif3AaQS';@;b'Facebook';@;None;@;None;@;b'sk';@;0;@;0
403123868824375296;b'ZdenekMasojidek';@;Wed 2013-11-20 11:33:14;@;b'Mal\xc3\xa1 Li m\xc3\xa1 dnes narozeniny, \xc5\xbee dost\xc3\xa1v\xc3\xa1 dort? #sarkasmus';@;b'Twitter Web Client';@;None;@;None;@;b'sk';@;0;@;0
403130263300894720;b'DrakulkaCZ';@;Wed 2013-11-20 11:58:39;@;b'Dotaz: M\xc5\xaf\xc5\xbee se nud\xc4\x9bn\xc3\xad k smrti kvalifikovat jako pokus o vra\xc5\xbedu? Podle jak\xc3\xa9ho paragrafu? Asi ne, co? N\xc4\x9bkter\xc3\xa9 TV by se staly masov\xc3\xbdmi vrahy...';@;b'Twitter Web Client';@;None;@;None;@;b'sk';@;2;@;0
403144490904334336;b'adriiiiiianka';@;Wed 2013-11-20 12:55:11;@;b'dne\xc5\xa1n\xc3\xad praxe je moc za\xc5\xbeivn\xc3\xa1 #ironie';@;b'Twitter Web Client';@;None;@;None;@;b'sk';@;1;@;0
403290128426078208;b'DrakulkaCZ';@;Wed 2013-11-20 22:33:54;@;b'@natoratomi \xc5\xa0marj\xc3\xa1, rychle ut\xc3\xadrat! Jinak tu bude v\xc5\xa1echno od srdce....! @Makovice_V';@;b'Twitter Web Client';@;None;@;None;@;b'sk';@;4;@;0
403430647051870208;b'AnnihilatorCZ';@;Thu 2013-11-21 07:52:16;@;b'Byl bych early adopter, ale nem\xc3\xa1m prachy. Cht\xc4\x9blo by to zbohatnout na dotac\xc3\xadch, tak 4 miliardy.';@;b'Plume\xc2\xa0for\xc2\xa0Android';@;None;@;None;@;b'sk';@;0;@;0
403468281123983360;b'StepanProkop';@;Thu 2013-11-21 10:21:48;@;b'Zmena b.\xc3\xba. pro OSV\xc4\x8c je jako slapnuti na minu, ktera vas odhodi na dalsi, a ta vas odhodi na dalsi, a ta dalsi nadalsi. Hezky den z roku 2013';@;b'Twitter for iPhone';@;None;@;None;@;b'sk';@;0;@;0
403873086812205056;b'pavelkalous';@;Fri 2013-11-22 13:10:22;@;b'Slavia v minul\xc3\xa9 sezon\xc4\x9b hospoda\xc5\x99ila se ztr\xc3\xa1tou 137 mil. Po 2,5 letech s Ale\xc5\xa1em \xc5\x98eb\xc3\xad\xc4\x8dkem v \xc4\x8dele a stomilionov\xc3\xbdm rozpo\xc4\x8dtem velk\xc3\xa9 um\xc4\x9bn\xc3\xad. #ironie';@;b'TweetDeck';@;None;@;None;@;b'sk';@;0;@;2
403881499075702784;b'janmikula';@;Fri 2013-11-22 13:43:47;@;b'@mmister A j\xc3\xa1 myslel, \xc5\xbee v Listin\xc4\x9b z\xc3\xa1kladn\xc3\xad pr\xc3\xa1v a svobod od EU je jasn\xc4\x9b naps\xc3\xa1no, \xc5\xbee ka\xc5\xbed\xc3\xbd ob\xc4\x8dan m\xc3\xa1 pr\xc3\xa1vo na prohl\xc3\xad\xc5\xbee\xc4\x8d podle vlastn\xc3\xad volby..';@;b'Twitter Web Client';@;None;@;None;@;b'sk';@;0;@;0
403959362030292992;b'dominojirotka';@;Fri 2013-11-22 18:53:11;@;b'@Felinkaa Asi se chce cejtit mlad\xc4\x9b. V 15cti je to u\xc5\xbe pot\xc5\x99eba. #ironie';@;b'Twitter Web Client';@;None;@;None;@;b'sk';@;0;@;0
404634606319984640;b'_samnung_';@;Sun 2013-11-24 15:36:22;@;b'M\xc3\xa1m r\xc3\xa1d p\xc5\x99evod z InDesignu do epub. V\xc5\xa1echny objekty tam jsou typu: najdi si je a s\xc3\xa1m uspo\xc5\x99\xc3\xa1dej, blbe\xc4\x8dku. #sarkasmus';@;b'Tweetbot for iOS';@;None;@;None;@;b'sk';@;5;@;0
404813994742910976;b'pavluszka';@;Mon 2013-11-25 03:29:12;@;b'Neco jako "gratuluji k vasi lasce a schopnosti objednat dort a pujcit si saty, tady mate ten novy kavovar, po kterem touzite." ? :D';@;b'Twitter for iPad';@;None;@;None;@;b'sk';@;3;@;0
405287887744544768;b'hanabxnana';@;Tue 2013-11-26 10:52:16;@;b'Ja se tak stra\xc5\xa1n\xc4\x9b t\xc4\x9b\xc5\xa1\xc3\xadm na angli\xc4\x8dtinu s panem profesorem Kos\xc5\xa5ou!! Ano, t\xc5\x99eba 2 hodiny bychom s n\xc3\xadm mohli m\xc3\xadt. #ironie';@;b'Twitter for Android';@;None;@;None;@;b'sk';@;0;@;0
405370952466567168;b'TerezskaVecz';@;Tue 2013-11-26 16:22:21;@;b'Nen\xc3\xad nic lep\xc5\xa1iho, ne\xc5\xbe str\xc3\xa1vit odpoledne s \xc3\xba\xc4\x8detnictv\xc3\xadm a ekonomikou! #irony';@;b'Twitter for Android';@;None;@;None;@;b'sk';@;0;@;0
405454965113516033;b'KairosArdia';@;Tue 2013-11-26 21:56:11;@;b'Ne, \xc5\xbee bych t\xc4\x9b nesn\xc3\xa1\xc5\xa1ela, j\xc3\xa1 se t\xc4\x9b\xc5\xa1\xc3\xadm a\xc5\xbe spadne\xc5\xa1 ze schod\xc5\xaf.';@;b'Twitter for Android';@;{'coordinates': [15.5830636, 50.0359437], 'type': 'Point'};@;{'coordinates': [50.0359437, 15.5830636], 'type': 'Point'};@;b'sk';@;0;@;0
405696588859064320;b'anezkasofie';@;Wed 2013-11-27 13:56:18;@;b'Jasn\xc4\x9b, pust\xc3\xadme Kab\xc3\xa1ty na Stu\xc5\xbekov\xc3\xa1ku, skv\xc4\x9blej n\xc3\xa1pad.';@;b'Twitter for iPhone';@;{'coordinates': [14.76647619, 50.17062508], 'type': 'Point'};@;{'coordinates': [50.17062508, 14.76647619], 'type': 'Point'};@;b'sk';@;1;@;1
405747840095633408;b'anezka_vym';@;Wed 2013-11-27 17:19:58;@;b'Joj\xc3\xb3 napi\xc5\xa1 si k fotce o tom jak\xc3\xbd to bylo a u\xc5\xbe nikdy nebude.:) v\xc5\xa1echny to moc zaj\xc3\xadm\xc3\xa1.. #ironie';@;b'Twitter for iPhone';@;None;@;None;@;b'sk';@;0;@;0
405963130398076928;b'VendyKostalova';@;Thu 2013-11-28 07:35:27;@;b'M\xc3\xb3dn\xc3\xad kreace m\xc3\xbdch spolu\xc5\xbea\xc4\x8dek m\xc4\x9b nep\xc5\x99estanou NIKDY fascinovat! \xf0\x9f\x98\x8d\xf0\x9f\x91\x8c\xf0\x9f\x8e\x80 #ironie #ohgodwhy';@;b'Twitter for iPhone';@;None;@;None;@;b'sk';@;2;@;1
406022370236043265;b'macek_milan';@;Thu 2013-11-28 11:30:51;@;b'Tomu \xc5\x99\xc3\xadk\xc3\xa1m zima kdy\xc5\xbe te\xc4\x8f v centru #Ostrava rozkvetou t\xc5\x99e\xc5\xa1n\xc4\x9b ;) #irony';@;b'Twitter for Android';@;{'coordinates': [18.2880827, 49.8404105], 'type': 'Point'};@;{'coordinates': [49.8404105, 18.2880827], 'type': 'Point'};@;b'sk';@;0;@;0
406095320372609024;b'Alkracro';@;Thu 2013-11-28 16:20:43;@;b'Dejte otci vyfotit v\xc3\xa1s mobilem. V\xc3\xadc m\xc3\xa1zl\xc3\xa1 fotka nevznikne, nikdy a nikde... To u\xc5\xbe to m\xc5\xaf\xc5\xbeete d\xc3\xa1t na vibra\xc4\x8dn\xc3\xad desku a vyjde to lep\xc5\xa1\xc3\xad...';@;b'Twitter Web Client';@;None;@;None;@;b'sk';@;0;@;0
406134846528815105;b'RepairDiablo';@;Thu 2013-11-28 18:57:47;@;b'V novin\xc3\xa1ch m\xc3\xa1m nejrad\xc4\x9bji novin\xc3\xa1\xc5\x99sk\xc3\xa9 chloupky.\nA jak\xc3\xa9 m\xc3\xa1te r\xc3\xa1dy vy? #chloupky';@;b'Twitter Web Client';@;None;@;None;@;b'sk';@;0;@;0
407146941618065408;b'Regnisak';@;Sun 2013-12-01 13:59:29;@;b'Stejn\xc4\x9b si mysl\xc3\xadm, \xc5\xbee by jim m\xc4\x9bl n\xc4\x9bjakej chytrej \xc4\x8cech vysv\xc4\x9btlit, \xc5\xbee EU je vlastn\xc4\x9b Sov\xc4\x9btsk\xc3\xbd svaz a \xc5\xbee sou blb\xc3\xbd.#ironie http://t.co/3SXlJkZVws';@;b'OS X';@;None;@;None;@;b'sk';@;0;@;0
407432219805106176;b'parvera';@;Mon 2013-12-02 08:53:05;@;b'Jo jasn\xc4\x9b. Vyserte se na m\xc4\x9b.. kdy\xc5\xbe u\xc5\xbe tak v\xc5\xa1ichni \xc5\xbee #ironie';@;b'Twitter for Android';@;None;@;None;@;b'sk';@;0;@;0
407548390650544130;b'TrissBea';@;Mon 2013-12-02 16:34:42;@;b'U\xc4\x8den\xc3\xad fyziky je velice z\xc3\xa1bavn\xc3\xa9.... #ironie';@;b'Twitter Web Client';@;None;@;None;@;b'sk';@;0;@;0
407593207480844288;b'HonzaBlha';@;Mon 2013-12-02 19:32:48;@;b'miluju r\xc3\xbdsov\xc3\xa1n\xc3\xad pro ZMRDelgla... #ironie';@;b'Twitter Web Client';@;None;@;None;@;b'sk';@;0;@;0
408326986168152064;b'SotolaJan';@;Wed 2013-12-04 20:08:34;@;b'@lidovenoviny Mo\xc5\xben\xc3\xa1, kdyby se p\xc5\x99estali st\xc5\x99\xc3\xadlet, tak by to pomohlo... #sarkasmus';@;b'Twitter Web Client';@;None;@;None;@;b'sk';@;0;@;0
408350910721445890;b'DrinyAsmer';@;Wed 2013-12-04 21:43:38;@;b'@lidovenoviny jestli za to nem\xc5\xaf\xc5\xbee jejich extr\xc3\xa9mn\xc3\xad obl\xc3\xadbenost, vypadaj\xc3\xad jako prima parta, tak pro\xc4\x8d k nim nikdo nechce? #sarkasmus';@;b'Twitter Web Client';@;None;@;None;@;b'sk';@;0;@;0
408372164526485505;b'Blafman';@;Wed 2013-12-04 23:08:05;@;b'My\xc5\xa1len\xc3\xad lid\xc3\xad ve stylu: "Koukni jak to m\xc3\xa1 odfl\xc3\xa1knut\xc3\xbd, tak to nen\xc3\xad pot\xc5\x99eba ud\xc4\x9blat l\xc3\xadp." To miluju a ur\xc4\x8dit\xc4\x9b bych cht\xc4\x9bl s v\xc3\xa1ma pracovat. #ironie';@;b'Twitter Web Client';@;None;@;None;@;b'sk';@;0;@;0
408522072361431040;b'Annapple90';@;Thu 2013-12-05 09:03:46;@;b'@snoopyfuck a nejlep\xc5\xa1\xc3\xad v tom je Michal z Kouzeln\xc3\xa9 \xc5\xa1kolky!';@;b'Twitter Web Client';@;None;@;None;@;b'sk';@;2;@;0
408583135954083840;b'Diskotek_86';@;Thu 2013-12-05 13:06:25;@;b'Pro\xc4\x8d je v ka\xc5\xbed\xc3\xbdm druh\xc3\xbdm \xc4\x8desk\xc3\xbdm p\xc5\x99ekladu n\xc3\xa1zvu filmu z\xc3\xa1jmeno "takov\xc3\xbd"? P\xc5\x99edstavivost \xc4\x8desk\xc3\xbdch p\xc5\x99ekladatel\xc5\xaf je bezb\xc5\x99eh\xc3\xa1 asi jako sprchovej kout';@;b'Twitter Web Client';@;None;@;None;@;b'sk';@;1;@;0
408709353848729600;b'Bougemil';@;Thu 2013-12-05 21:27:58;@;b'Dobr\xc3\xbd den, jmenuji se Va\xc5\xa1\xc3\xadk Klaus\xc5\xaf a budu V\xc3\xa1s te\xc4\x8f p\xc4\x9bkn\xc4\x9b sr\xc3\xa1t, kopat \xc5\xa1p\xc3\xadnu na druh\xc3\xa9 a to v\xc5\xa1echno proto, \xc5\xbee se o m\xc4\x9b dlouho nemluvilo. #ironie';@;b'Twitter for iPhone';@;None;@;None;@;b'sk';@;1;@;1
408960089316687872;b'cukrberg';@;Fri 2013-12-06 14:04:18;@;b'@Lindash t\xc3\xa9\xc3\xa9\xc3\xa9da, tady je dneska n\xc4\x9bkdo vtipnej :) :P';@;b'Twitter for Mac';@;None;@;None;@;b'sk';@;0;@;0
408996946133921792;b'Stazinka1';@;Fri 2013-12-06 16:30:45;@;b'Miluju klienty co cht\xc4\x9bj\xc3\xad abych jim volala hodinu po skon\xc4\x8den\xc3\xad pracovn\xc3\xad doby.  V\xc3\xbdhody  homeofficu. #ironie';@;b'Twitter for Android';@;None;@;None;@;b'sk';@;2;@;0
409000482871713792;b'Jani_Jelinkova';@;Fri 2013-12-06 16:44:48;@;b'Jasn\xc4\x9b mami jdi si pokecat ja pro jistotu po\xc4\x8dk\xc3\xa1m v aut\xc4\x9b, kdyby ses n\xc3\xa1hodou vr\xc3\xa1tila d\xc5\x99\xc3\xadv.';@;b'Twitter for iPhone';@;{'coordinates': [14.66749622, 49.99953381], 'type': 'Point'};@;{'coordinates': [49.99953381, 14.66749622], 'type': 'Point'};@;b'sk';@;0;@;0
409100044693143552;b'iPalK';@;Fri 2013-12-06 23:20:26;@;b'M\xc3\xa9 #ko\xc4\x8dky jsou vlastn\xc4\x9b velmi tich\xc3\xa9. S \xc5\xa1ust\xc3\xadc\xc3\xadmi, cinkaj\xc3\xadc\xc3\xadmi a jinak r\xc3\xa1mus\xc3\xadc\xc3\xadmi hra\xc4\x8dkami si hraj\xc3\xad velmi v\xc3\xbdjime\xc4\x8dn\xc4\x9b.\nZpravidla uprost\xc5\x99ed noci.';@;b'Tweetbot for iOS';@;None;@;None;@;b'sk';@;8;@;0
409291926220050432;b'matesola';@;Sat 2013-12-07 12:02:54;@;b'Jestli by nebyl men\xc5\xa1\xc3\xad nerv\xc3\xa1k, kdyby toho Mandelu p\xc5\x99ivezli ve st\xc5\x99edu na v\xc3\xbdstavku do Prahy. Picek to zaplat\xc3\xad wtz.';@;b'Twitterrific';@;None;@;None;@;b'sk';@;18;@;7
409292719123857408;b'Medvidekpu';@;Sat 2013-12-07 12:06:03;@;b'A v\xc3\xadtejte ve sv\xc4\x9bt\xc4\x9b, kde v\xc3\xa1s svitilna (aplikace) na mobiln\xc3\xadm telefonu tajn\xc4\x9b \xc5\xa1m\xc3\xadruje a pos\xc3\xadl\xc3\xa1 o v\xc3\xa1s loka\xc4\x8dn\xc3\xad informace. http://t.co/g9mhZ3aZhS';@;b'Buffer';@;None;@;None;@;b'sk';@;2;@;3
409658441050120192;b'Stredni_trida';@;Sun 2013-12-08 12:19:18;@;b'@AlexandrMitrofa Bylo by n\xc3\xa1m pot\xc4\x9b\xc5\xa1en\xc3\xadm si p\xc5\x99e\xc4\x8d\xc3\xadst V\xc3\xa1\xc5\xa1 koment\xc3\xa1\xc5\x99 o obou ud\xc3\xa1lostech napsan\xc3\xbd p\xc5\x99\xc3\xadmo v m\xc3\xadst\xc4\x9b jejich d\xc4\x9bn\xc3\xad. \xc5\xa0\xc5\xa5astnou cestu! #ironie';@;b'Twitter for Windows Phone';@;None;@;None;@;b'sk';@;0;@;0
409981257234518016;b'Stredni_trida';@;Mon 2013-12-09 09:42:03;@;b'P\xc3\xa1d Lenina na Besarabsk\xc3\xa9m n\xc3\xa1m. a str\xc5\xbeen\xc3\xad Mari\xc3\xa1nsk\xc3\xa9ho sloupu na Starom\xc4\x9bstsk\xc3\xa9m n\xc3\xa1m. jsou zcela odli\xc5\xa1n\xc3\xa9 a ani vzd\xc3\xa1l. poj\xc3\xadc\xc3\xad se ud\xc3\xa1losti #ironie';@;b'Twitter for Windows Phone';@;None;@;None;@;b'sk';@;0;@;0
410536865381359616;b'petr_adam';@;Tue 2013-12-10 22:29:50;@;b'Premi\xc3\xa9r bez d\xc5\xafv\xc4\x9bry Rusnok v\xc3\xad, jak vyt\xc4\x9b\xc5\xbeit z ne\xc3\xba\xc4\x8dasti na poh\xc5\x99bu Mandely maxim\xc3\xa1ln\xc3\xad politick\xc3\xbd kapit\xc3\xa1l #ironie http://t.co/fH1rL520Lj';@;b'Twitter Web Client';@;None;@;None;@;b'sk';@;1;@;0
410842437150466049;b'pannyzkj';@;Wed 2013-12-11 18:44:04;@;b'@JZechy V\xc5\xa1echno nejlep\xc5\xa1\xc3\xad #ironie';@;b'Twitter Web Client';@;None;@;None;@;b'sk';@;0;@;0
410842507065311232;b'JZechy';@;Wed 2013-12-11 18:44:21;@;b'@pannyzkj Douf\xc3\xa1m, \xc5\xbee bude\xc5\xa1 \xc5\xbe\xc3\xadt dlouho :) #ironie';@;b'TweetDeck';@;None;@;None;@;b'sk';@;0;@;0
412693337267662848;b'PetrHluchy';@;Mon 2013-12-16 21:18:53;@;b'Ve st\xc5\x99edu m\xc4\x9b \xc4\x8dek\xc3\xa1 p\xc5\x99\xc3\xa1telskej turnaj ve #Fifa13. Jestli budu hr\xc3\xa1t tak, jako jsem hr\xc3\xa1l t\xc3\xbdmov\xc4\x9b CoD... Vid\xc3\xadm to na titul! #irony';@;b'Twitter Web Client';@;None;@;None;@;b'sk';@;0;@;0
413021765989060608;b'IngrAdam';@;Tue 2013-12-17 19:03:57;@;b'posledni dobou v t\xc3\xbd \xc5\xa1kole fakt boduju \xf0\x9f\x91\x8d #irony';@;b'Twitter for iPhone';@;None;@;None;@;b'sk';@;0;@;0
413376331590549504;b'AldaF1';@;Wed 2013-12-18 18:32:52;@;b'@BeeGeeF1 to v\xc3\xad\xc5\xa1, \xc5\xbee jo :D ur\xc4\x8dit\xc4\x9b tam potk\xc3\xa1\xc5\xa1 to tv\xc3\xa9ho Toma :) #ironie';@;b'Twitter Web Client';@;None;@;None;@;b'sk';@;0;@;0
414326514013204480;b'pereko';@;Sat 2013-12-21 09:28:33;@;b'Nakupov\xc3\xa1n\xc3\xad se mnou musi b\xc3\xbdt z\xc3\xa1bava #ironie';@;b'Twitter for Android';@;{'coordinates': [17.3074556, 49.5593405], 'type': 'Point'};@;{'coordinates': [49.5593405, 17.3074556], 'type': 'Point'};@;b'sk';@;0;@;0
414453151828176896;b'Standitch';@;Sat 2013-12-21 17:51:46;@;b'Ozvy se mi jen a\xc5\xbe bude\xc5\xa1 n\xc4\x9bco pot\xc5\x99ebovat. Tak to m\xc3\xa1m r\xc3\xa1da #irony';@;b'Twitter Web Client';@;None;@;None;@;b'sk';@;1;@;0
415572991368777728;b'RadimSvidrnoch';@;Tue 2013-12-24 20:01:36;@;b'@martinvagner ty jsi dal v\xc3\xadce d\xc3\xa1rku? Jak sis to mohl dovolit ud\xc4\x9blat takov\xc3\xa9 odporn\xc3\xa9 gesto #ironie #tonevy\xc5\xbeehl\xc3\xad\xc5\xa1';@;b'Tweetbot for iOS';@;None;@;None;@;b'sk';@;0;@;0
415967227553533952;b'HeadLessBrahmin';@;Wed 2013-12-25 22:08:10;@;b'@MarekSuchanek to je krok spr\xc3\xa1vn\xc3\xbdm sm\xc4\x9brem. mn\xc4\x9b se d\xc3\xadky reklam\xc4\x9b poda\xc5\x99ilo z\xc3\xadskat cel\xc3\xbdch P\xc4\x9aT \xc4\x8cTEN\xc3\x81\xc5\x98\xc5\xae!!! #yolo #goodjob #sarcasm';@;b'MetroTwit';@;None;@;None;@;b'sk';@;0;@;0
418878281652649986;b'_samnung_';@;Thu 2014-01-02 22:55:39;@;b'API pro MPMoviePlayerController d\xc4\x9blala n\xc4\x9bjak\xc3\xa1 moc chytr\xc3\xa1 osoba, kter\xc3\xa1 m\xc3\xa1 a\xc5\xbe moc r\xc3\xa1da notifikace. #sarkasmus #iosdev';@;b'Twitter for Mac';@;None;@;None;@;b'sk';@;0;@;0
420080031613063168;b'pokorna97';@;Mon 2014-01-06 06:30:58;@;b'Vedle m\xc4\x9b ve vlaku sed\xc3\xad p\xc3\xa1r, kter\xc3\xbd se neust\xc3\xa1le okusuje, fakt pecka #p\xc5\x99ijemn\xc3\xbd #ironie';@;b'Twitter for iPhone';@;None;@;None;@;b'sk';@;4;@;0
420252339333632000;b'littlesherieee';@;Mon 2014-01-06 17:55:40;@;b'"stalo se mi n\xc4\x9bco hrozn\xc3\xa9ho?" "co?" "potkala jsem b\xc3\xbdval\xc3\xbdho" aha .. hor\xc5\xa1\xc3\xad v\xc4\x9bc asi na sv\xc4\x9bt\xc4\x9b nen\xc3\xad. #ironie';@;b'Twitter Web Client';@;None;@;None;@;b'sk';@;0;@;1
420273995389218817;b'miravozdecky';@;Mon 2014-01-06 19:21:43;@;b'V nominaci rozhodn\xc4\x9b chyb\xc3\xad i Domin\xc3\xa1tor! #ironie #so\xc4\x8di';@;b'Twitter Web Client';@;None;@;None;@;b'sk';@;0;@;0
420280087108284416;b'TerezaKominkova';@;Mon 2014-01-06 19:45:55;@;b'A stejn\xc4\x9b... nejv\xc4\x9bt\xc5\xa1\xc3\xad hrdinstv\xc3\xad je j\xc3\xadt proti \xc4\x8dlov\xc4\x9bku, kter\xc3\xa9ho zn\xc3\xa1\xc5\xa1 a nepozdravit ho! #ironie';@;b'Twitter Web Client';@;None;@;None;@;b'sk';@;2;@;0
402029397323948032;b'klubkojohan';@;Sun 2013-11-17 11:04:12;@;b'@82S62 Muj sen je m\xc3\xadt mod\xc5\x99inu na nosn\xc3\xad dirce.';@;b'Twitter Web Client';@;None;@;None;@;b'sk';@;0;@;0
402678639705092096;b'martin_riha';@;Tue 2013-11-19 06:04:03;@;b'Opravdu chce \xc4\x8cNB, abych utratil sv\xc3\xa9 \xc3\xbaspory a dostal se tak do rizikov\xc3\xa9 skupiny, kter\xc3\xa1 nem\xc3\xa1 finan\xc4\x8dn\xc3\xad rezervy pro p\xc5\x99\xc3\xadpad nenad\xc3\xa1l\xc3\xbdch n\xc3\xa1klad\xc5\xaf?';@;b'Twitter Web Client';@;None;@;None;@;b'sk';@;0;@;0
402713703843262464;b'filippodstavec';@;Tue 2013-11-19 08:23:23;@;b'@HonzaDvo Pane Dvo\xc5\x99\xc3\xa1\xc4\x8dek,zadal jsem si fr\xc3\xa1zi "j\xc3\xa1" a nikde jsem ve vyhled\xc3\xa1v\xc3\xa1n\xc3\xad nena\xc5\xa1el...jak je to tedy s t\xc3\xadm va\xc5\xa1\xc3\xadm seo optimalizov\xc3\xa1n\xc3\xadm??! :-)';@;b'TweetDeck';@;None;@;None;@;b'sk';@;1;@;0
402889084667842560;b'OlgaPavlu';@;Tue 2013-11-19 20:00:17;@;b'Ty nejv\xc3\xadc nejlep\xc5\xa1\xc3\xad p\xc3\xadsni\xc4\x8dky pro d\xc4\x9bti od poloviny Vypsan\xc3\xa9 fixy aka Mixle v piksle ! Doporu\xc4\x8duje 11  ka\xc5\xa1p\xc3\xa1rk\xc5\xaf z 10:-) http://t.co/UcgMoEVgIL';@;b'Facebook';@;None;@;None;@;b'sk';@;0;@;0
403070971982000128;b'bibalukas';@;Wed 2013-11-20 08:03:03;@;b'M\xc3\xa1m r\xc3\xa1d odpov\xc4\x9bdi na inzer\xc3\xa1ty typu: \xe2\x80\x9cM\xc3\xa1m lep\xc5\xa1\xc3\xad nab\xc3\xaddku za poolovi\xc4\x8dn\xc3\xad cenu, ale po\xc5\xa1lete mi fotky produktu."';@;b'TweetDeck';@;None;@;None;@;b'sk';@;1;@;0
403275805033529345;b'TheVero9nika';@;Wed 2013-11-20 21:36:59;@;b'No jo vlastn\xc4\x9b j\xc3\xa1 nechod\xc3\xadm na gympl tak jsem n\xc4\x9bco m\xc3\xad\xc5\x88 ne\xc5\xbe ty a proto se mnou jednej jako s debilem.. #strilet_toto';@;b'Twitter for Android';@;None;@;None;@;b'sk';@;0;@;0
403533137138835456;b'Adreelis';@;Thu 2013-11-21 14:39:31;@;b'"\xc4\x8cI \xc4\x8cI \xc4\x8c\xc3\x8d\xc3\x8d\xc3\x8d.... KDE JSI?" ur\xc4\x8dit\xc4\x9b ti odpov\xc3\xad';@;b'Twitter Web Client';@;None;@;None;@;b'sk';@;0;@;0
403551259552403456;b'KarolinkaJahe';@;Thu 2013-11-21 15:51:32;@;b'Je u n\xc3\xa1s vyvalen\xc3\xa1 babi\xc4\x8dka,zakazuje mi se j\xc3\xadt u\xc4\x8dit,j\xc3\xadt na tr\xc3\xa9ning,chce si pov\xc3\xaddat a sama sebe uklid\xc5\x88uje \xc5\xbee nevad\xc3\xad \xc5\xbee je\xc5\xa1t\xc4\x9b nem\xc3\xa1m chlapce,jupi';@;b'Twitter for iPhone';@;None;@;None;@;b'sk';@;3;@;0
403980539004063744;b'0131025_';@;Fri 2013-11-22 20:17:20;@;b'Pustila jsem si TVD, dojde sestra a zapne Vyvolen\xc3\xbd? Tak to d\xc3\xadk teda.';@;b'Twitter Web Client';@;None;@;None;@;b'sk';@;1;@;0
404159756375318529;b'zevloun';@;Sat 2013-11-23 08:09:29;@;b'A kdy\xc5\xbe si vezmete dv\xc4\x9b, dostanete t\xc5\x99et\xc3\xad za \xc3\xbapln\xc4\x9b stejnou cenu! http://t.co/nO1HVIjJ6Q';@;b'Twitter for iPhone';@;None;@;None;@;b'sk';@;19;@;2
404381149012557824;b'lokutus';@;Sat 2013-11-23 22:49:13;@;b'Bereme va\xc5\xa1e d\xc4\x9bti na multikulti v\xc3\xbdlet Za pozn\xc3\xa1n\xc3\xadm Isl\xc3\xa1mu. Nel\xc3\xadb\xc3\xad se v\xc3\xa1m to? Ozna\xc4\x8d\xc3\xadme je na zbytek \xc5\xa1koly jako rasisty.\nhttp://t.co/u1ggNU7YWS';@;b'Twitter Web Client';@;None;@;None;@;b'sk';@;0;@;2
404924597608280064;b'ceskapozice';@;Mon 2013-11-25 10:48:41;@;b'A na ministerstvo obrany p\xc5\xafjde... Hl\xc3\xa1s\xc3\xad se n\xc4\x9bkdo? http://t.co/FbgS0aP43N';@;b'Twitter Web Client';@;None;@;None;@;b'sk';@;0;@;0
405207493674303488;b'FrantisekSafr';@;Tue 2013-11-26 05:32:49;@;b'Tramvaj je kone\xc4\x8dn\xc4\x9b tady. Lid\xc3\xa9 tleskaj\xc3\xad a \xc5\x99idi\xc4\x8d tramvaje rozdal i p\xc3\xa1r autogram\xc5\xaf. #Plze\xc5\x88 #Lochot\xc3\xadn';@;b'Twitter for Windows Phone';@;None;@;None;@;b'sk';@;4;@;0
405274439786328064;b'ochvalovsky';@;Tue 2013-11-26 09:58:50;@;b'A\xc5\xbe osm\xc3\xa9 m\xc3\xadsto ambici\xc3\xb3zn\xc3\xadch Pardubic. A nen\xc3\xad to n\xc3\xa1hodou strop? | iSport.cz http://t.co/4XnB02jARz p\xc5\x99es @DenikSport';@;b'Twitter for Websites';@;None;@;None;@;b'sk';@;0;@;0
405333947250249728;b'LukasKovanda';@;Tue 2013-11-26 13:55:18;@;b'A te\xc4\x8f kv\xc3\xb3ty pro o\xc5\xa1kliv\xc3\xa9?: "Rozd\xc3\xadl ve mzd\xc3\xa1ch o\xc5\xa1kliv\xc3\xbdch a pohledn\xc3\xbdch lid\xc3\xad je srovnateln\xc3\xbd s t\xc3\xadm mezi mzdami \xc5\xbeen a mu\xc5\xbe\xc5\xaf". http://t.co/g7yx6Q4Fuk';@;b'Twitter Web Client';@;None;@;None;@;b'sk';@;3;@;11
405334534088302593;b'dj_apin';@;Tue 2013-11-26 13:57:38;@;b'Sle\xc4\x8dn\xc4\x9b se nedovol\xc3\xa1\xc5\xa1, nem\xc3\xa1 sign\xc3\xa1l. Sign\xc3\xa1l se toti\xc5\xbe p\xc5\x99id\xc4\x9bluje na z\xc3\xa1klad\xc4\x9b inteligence...';@;b'Carbon for Android';@;None;@;None;@;b'sk';@;0;@;0
405395947028746240;b'edydvorakova';@;Tue 2013-11-26 18:01:40;@;b'Ne pane, v\xc3\xa1\xc5\xben\xc4\x9b mi nep\xc5\x99ijde vtipn\xc3\xbd jak mi v\xc3\xa1\xc5\xa1 pes sk\xc3\xa1\xc4\x8de po nohou a \xc5\xa1p\xc3\xadn\xc3\xad mi kalhoty';@;b'Twitter for Android';@;None;@;None;@;b'sk';@;0;@;0
405452083446308864;b'DJWich';@;Tue 2013-11-26 21:44:44;@;b'Zamrzly okno v aute, jak moc jsi mi chybelo...';@;b'Twitter for iPhone';@;None;@;None;@;b'sk';@;32;@;4
405604403295846400;b'Brumbalova';@;Wed 2013-11-27 07:50:00;@;b'Kouk\xc3\xa1m, \xc5\xbee podle Twitter location se fakt nemus\xc3\xadm b\xc3\xa1t toho,  \xc5\xbee by m\xc4\x9b n\xc4\x9bkdo ne\xc5\xbe\xc3\xa1dan\xc3\xbd na\xc5\xa1el.';@;b'Twitter for Android';@;{'coordinates': [13.3827322, 49.745885], 'type': 'Point'};@;{'coordinates': [49.745885, 13.3827322], 'type': 'Point'};@;b'sk';@;18;@;1
405693806613651456;b'martinvagner';@;Wed 2013-11-27 13:45:15;@;b'Pracovn\xc3\xad den zvl\xc3\xa1d\xc3\xa1 #Nexus4 ,,b\xc3\xa1je\xc4\x8dn\xc4\x9b", ve 13 hodin baterka 0%';@;b'Falcon-Pro';@;None;@;None;@;b'sk';@;2;@;3
405750295457587201;b'spazef0rze';@;Wed 2013-11-27 17:29:43;@;b'@aukro V\xc3\xbdborn\xc4\x9b, d\xc3\xadky. M\xc5\xaf\xc5\xbeete tu odpov\xc4\x9b\xc4\x8f v tom Polsku n\xc4\x9bkde naj\xc3\xadt a p\xc5\x99etlumo\xc4\x8dit n\xc3\xa1m ji, pros\xc3\xadm?';@;b'Twitter Web Client';@;None;@;None;@;b'sk';@;1;@;0
405802215022944257;b'littlemrsch';@;Wed 2013-11-27 20:56:02;@;b'@Juul__W Te\xc4\x8f budu u\xc5\xbe nav\xc5\xbedy smutn\xc3\xa1 z toho, \xc5\xbee jsem p\xc5\x99i\xc5\xa1la o super z\xc3\xa1\xc5\xbeitek, proto\xc5\xbee jsem se nikdy nepo\xc5\x99ezala :(';@;b'Twitter Web Client';@;None;@;None;@;b'sk';@;1;@;0
405958029910478848;b'malivelaughlove';@;Thu 2013-11-28 07:15:11;@;b'Vazne skv\xc4\x9bl\xc3\xbd. Dneska zem\xc4\x9bpis a ja si zasp\xc3\xadm?';@;b'Twitter for iPhone';@;{'coordinates': [14.4324451, 50.08879256], 'type': 'Point'};@;{'coordinates': [50.08879256, 14.4324451], 'type': 'Point'};@;b'sk';@;0;@;0
406332492212625408;b'Markovicka_';@;Fri 2013-11-29 08:03:10;@;b'Miluju pomal\xc3\xbd lidi co blokujou cestu !';@;b'Twitter for iPhone';@;{'coordinates': [14.01237291, 50.65369283], 'type': 'Point'};@;{'coordinates': [50.65369283, 14.01237291], 'type': 'Point'};@;b'sk';@;0;@;0
406758209970380800;b'RKulich';@;Sat 2013-11-30 12:14:49;@;b'Nen\xc3\xad nad to se sp\xc3\xa1lit...';@;b'Twitter Web Client';@;None;@;None;@;b'sk';@;0;@;0
407129935619584000;b'iPalK';@;Sun 2013-12-01 12:51:55;@;b'M\xc3\xa1m talent na v\xc3\xbdhodn\xc3\xa9 koup\xc4\x9b. V\xc5\xbedycky dostanu d\xc3\xa1rek zdarma nebo podobnou v\xc3\xbdhodu\xe2\x80\xa6\nT\xc5\x99eba ke kot\xc4\x9bti jsem zdarma dostala porci blech nav\xc3\xadc! #kot\xc4\x9b';@;b'Tweetbot for Mac';@;None;@;None;@;b'sk';@;8;@;0
407299012425838592;b'DrakulkaCZ';@;Mon 2013-12-02 00:03:46;@;b'@kucera02 To se @Lotttka zastanu. Dokud @natoratomi nepostnul tuhle fotku, netu\xc5\xa1ila bych, jak vypadaj\xc3\xad sexy nohy! 8^D';@;b'Twitter Web Client';@;None;@;None;@;b'sk';@;2;@;0
407509436526104577;b'Krcmic';@;Mon 2013-12-02 13:59:55;@;b'Sed\xc3\xadme na pivu. K\xc3\xa1mo\xc5\xa1 kec\xc3\xa1 o \xc5\xbeehlen\xc3\xad, dal\xc5\xa1\xc3\xad rozeb\xc3\xadr\xc3\xa1, zda je lep\xc5\xa1\xc3\xad prac\xc3\xad pr\xc3\xa1\xc5\xa1ek a nebo gel. No jo, testosteron z n\xc3\xa1s doslova st\xc5\x99\xc3\xadk\xc3\xa1 proudem.';@;b'Twitter Web Client';@;None;@;None;@;b'sk';@;19;@;2
407512594829017088;b'CzDefenceLeague';@;Mon 2013-12-02 14:12:28;@;b'A je to tady, mil\xc3\xa1\xc5\xa1kov\xc3\xa9 broj\xc3\xad proti zl\xc3\xa9 Angole, kter\xc3\xa1 neuzn\xc3\xa1v\xc3\xa1 je isl\xc3\xa1m jako n\xc3\xa1bo\xc5\xbeenstv\xc3\xad a bo\xc5\x99\xc3\xad neleg\xc3\xa1ln\xc3\xad me\xc5\xa1ity.... http://t.co/ZM0IVViJcM';@;b'Facebook';@;None;@;None;@;b'sk';@;0;@;0
407760411241361409;b'MarekTruksa';@;Tue 2013-12-03 06:37:12;@;b'\xc4\x8cUS!:D Taky se V\xc3\xa1m chce hrozn\xc4\x9b do \xc5\xa1koly? #vopruz';@;b'Twitter Web Client';@;None;@;None;@;b'sk';@;0;@;0
407899223581925377;b'katie_koubik';@;Tue 2013-12-03 15:48:47;@;b'je, za 5 minut m\xc3\xa1m odch\xc3\xa1zet, no kr\xc3\xa1sa, nest\xc3\xadh\xc3\xa1m.';@;b'Twitter Web Client';@;None;@;None;@;b'sk';@;1;@;0
408340422000275458;b'mberdych';@;Wed 2013-12-04 21:01:57;@;b'Tak jsem si dneska rozbil nos. Vlastni sikovnosti. O lednici. Neskutecny. Mel jsem pocit, jako bych dostal pesti. Super den.';@;b'Twitter Web Client';@;None;@;None;@;b'sk';@;0;@;0
408907548075757568;b'francisella1';@;Fri 2013-12-06 10:35:31;@;b'Vemu si pul dne dovoleny ze budu doma brzy. Nehoda na trati takze vlak bude mit cca hodinu zpozdeni. Parada #CD';@;b'Twitter for Android';@;None;@;None;@;b'sk';@;0;@;0
408952838018981889;b'Regnisak';@;Fri 2013-12-06 13:35:29;@;b'Jak to maj propo\xc4\x8d\xc3\xadtan\xc3\xbd kluci, i 1% zv\xc3\xbd\xc5\xa1en\xc3\xad dan\xc3\xad pro banky pr\xc3\xbd zp\xc5\xafsob\xc3\xad ztr\xc3\xa1tu 170 000 pracovn\xc3\xadch m\xc3\xadst. Tak ur\xc4\x8dit\xc4\x9b. http://t.co/4yQtY3vUs0';@;b'Twitter Web Client';@;None;@;None;@;b'sk';@;0;@;0
409002539929985024;b'obejda';@;Fri 2013-12-06 16:52:59;@;b'V\xc4\x9b\xc5\x99\xc3\xadm v paraleln\xc3\xad vesm\xc3\xadr, v n\xc4\x9bm\xc5\xbe se sluch\xc3\xa1tka a kabely v kaps\xc3\xa1ch a pod stolem v\xc5\xbedy samy narovnaj\xc3\xad a smotaj\xc3\xad do \xc3\xbahledn\xc3\xa9ho klub\xc3\xad\xc4\x8dka.';@;b'Twitter Web Client';@;None;@;None;@;b'sk';@;1;@;0
407436917546823680;b'takewara';@;Mon 2013-12-02 09:11:45;@;b'@FrantisekSafr U t\xc4\x9bhlech borc\xc5\xaf pak miluju, jak netrp\xc4\x9bliv\xc4\x9b \xc4\x8dekaj na zaplacen\xc3\xad u kasy. Jako kdyby vezl rod\xc3\xadc\xc3\xad \xc5\xbeenu \xc4\x8di co...';@;b'TweetDeck';@;None;@;None;@;b'sk';@;0;@;0
